站号,站名,省份,经度,纬度,测站海拔
50136,漠河,黑龙江,122.52,52.97,438.5
50137,北极村,黑龙江,122.37,53.47,296.0
50246,塔河,黑龙江,124.72,52.35,361.9
50247,呼中,黑龙江,123.57,52.03,514.5
50349,新林,黑龙江,124.4,51.67,501.5
50353,呼玛,黑龙江,126.65,51.72,173.9
50425,额尔古纳,内蒙古,120.18,50.25,581.4
50431,根河,内蒙古,121.52,50.78,717.0
50434,图里河,内蒙古,121.68,50.48,732.6
50442,加格达奇,黑龙江,124.12,50.4,371.7
50445,鄂伦春旗,内蒙古,123.73,50.58,423.7
50468,黑河,黑龙江,127.45,50.25,166.4
50514,满洲里,内蒙古,117.32,49.58,661.8
50524,陈巴尔虎旗,内蒙古,119.43,49.32,576.6
50525,鄂温克旗,内蒙古,119.75,49.15,620.8
50526,牙克石,内蒙古,120.7,49.28,668.8
50527,海拉尔,内蒙古,119.7,49.25,649.6
50548,小二沟,内蒙古,123.72,49.2,286.1
50557,嫩江,黑龙江,125.23,49.17,242.2
50564,孙吴,黑龙江,127.35,49.43,234.5
50566,逊克,黑龙江,128.47,49.55,116.0
50603,新巴尔虎右旗,内蒙古,116.82,48.67,542.4
50618,新巴尔虎左旗,内蒙古,118.27,48.22,642.0
50632,博克图,内蒙古,121.92,48.77,739.7
50639,扎兰屯,内蒙古,122.73,48.0,306.5
50645,莫力达瓦旗,内蒙古,124.48,48.48,195.0
50646,讷河,黑龙江,124.85,48.48,230.6
50647,阿荣旗,内蒙古,123.48,48.13,236.2
50655,五大连池,黑龙江,126.18,48.5,266.8
50656,北安,黑龙江,126.52,48.28,278.4
50658,克山,黑龙江,125.78,48.08,291.0
50659,克东,黑龙江,126.25,48.03,297.0
50673,嘉荫,黑龙江,130.4,48.88,90.4
50674,汤旺,黑龙江,129.43,48.57,404.5
50727,阿尔山,内蒙古,119.93,47.17,997.2
50739,龙江,黑龙江,123.18,47.33,209.3
50741,甘南,黑龙江,123.5,47.93,185.2
50742,富裕,黑龙江,124.48,47.8,162.7
50745,齐齐哈尔,黑龙江,123.92,47.38,146.7
50749,林甸,黑龙江,124.83,47.18,154.6
50750,依安,黑龙江,125.3,47.9,226.4
50755,拜泉,黑龙江,126.1,47.6,249.8
50756,海伦,黑龙江,126.97,47.45,247.4
50758,明水,黑龙江,125.9,47.18,240.0
50767,绥棱,黑龙江,127.1,47.23,202.7
50772,丰林,黑龙江,129.23,48.12,300.0
50774,伊春,黑龙江,128.92,47.73,264.8
50775,鹤岗,黑龙江,130.27,47.33,182.3
50776,萝北,黑龙江,130.83,47.57,83.3
50778,同江,黑龙江,132.53,47.67,57.5
50779,抚远,黑龙江,134.41,48.35,40.8
50787,绥滨,黑龙江,131.85,47.28,62.7
50788,富锦,黑龙江,131.98,47.23,66.4
50832,胡尔勒,内蒙古,122.08,46.72,332.6
50833,扎赉特旗,内蒙古,122.9,46.72,218.6
50834,索伦,内蒙古,121.22,46.6,499.7
50838,乌兰浩特,内蒙古,122.05,46.08,274.7
50842,杜蒙,黑龙江,124.42,46.83,145.4
50844,泰来,黑龙江,123.45,46.4,138.8
50850,大庆,黑龙江,125.13,46.57,152.3
50851,青冈,黑龙江,126.08,46.68,207.4
50852,望奎,黑龙江,126.45,46.83,169.1
50853,绥化,黑龙江,126.97,46.62,179.6
50854,安达,黑龙江,125.32,46.38,149.3
50858,肇东,黑龙江,125.93,46.07,159.5
50859,兰西,黑龙江,126.27,46.25,169.3
50861,庆安,黑龙江,127.48,46.88,182.4
50862,铁力,黑龙江,128.02,46.98,206.0
50867,巴彦,黑龙江,127.35,46.08,134.1
50871,汤原,黑龙江,129.88,46.73,95.1
50873,佳木斯,黑龙江,130.3,46.78,82.0
50877,依兰,黑龙江,129.58,46.3,100.1
50878,桦川,黑龙江,130.72,47.0,78.2
50879,桦南,黑龙江,130.55,46.22,187.0
50880,集贤,黑龙江,131.12,46.73,102.3
50881,友谊,黑龙江,131.79,46.78,70.5
50884,双鸭山,黑龙江,131.15,46.63,175.3
50888,宝清,黑龙江,132.18,46.32,79.6
50892,饶河,黑龙江,134.0,46.8,54.4
50913,乌拉盖,内蒙古,118.83,45.72,865.0
50915,东乌珠穆沁旗,内蒙古,116.97,45.52,838.9
50924,霍林郭勒,内蒙古,119.67,45.53,860.0
50928,巴雅尔吐胡硕,内蒙古,120.33,45.07,628.3
50934,突泉,内蒙古,121.58,45.38,311.7
50936,白城,吉林,122.83,45.63,155.3
50937,科尔沁右翼中旗,内蒙古,121.47,45.05,282.1
50939,洮南,吉林,122.75,45.35,150.5
50940,镇赉,吉林,123.17,45.85,141.1
50945,大安,吉林,124.27,45.5,138.1
50946,松原,吉林,124.83,45.18,139.8
50948,乾安,吉林,124.02,45.0,146.3
50949,前郭,吉林,124.87,45.08,136.2
50950,肇州,黑龙江,125.25,45.7,148.7
50953,哈尔滨,黑龙江,126.77,45.75,118.3
50954,肇源,黑龙江,125.08,45.5,127.5
50955,双城,黑龙江,126.3,45.38,168.3
50956,呼兰,黑龙江,126.57,45.93,134.5
50958,阿城,黑龙江,126.95,45.52,168.2
50960,宾县,黑龙江,127.45,45.78,184.2
50962,木兰,黑龙江,128.03,45.95,116.9
50963,通河,黑龙江,128.73,45.97,108.6
50964,方正,黑龙江,128.8,45.83,119.3
50965,延寿,黑龙江,128.28,45.45,167.2
50968,尚志,黑龙江,127.97,45.22,189.7
50971,七台河,黑龙江,131.02,45.77,194.9
50973,勃利,黑龙江,130.6,45.75,234.4
50978,鸡西,黑龙江,130.93,45.3,272.5
50979,林口,黑龙江,130.23,45.27,274.7
50983,虎林,黑龙江,132.97,45.77,98.1
50985,密山,黑龙江,131.87,45.55,151.7
50987,鸡东,黑龙江,131.13,45.25,219.9
51053,哈巴河,新疆,86.4,48.05,532.6
51058,阿克达拉,新疆,87.97,47.1,563.3
51059,吉木乃,新疆,85.87,47.43,968.2
51060,布尔津,新疆,86.87,47.7,473.9
51068,福海,新疆,87.47,47.12,497.0
51076,阿勒泰,新疆,88.08,47.73,735.3
51087,富蕴,新疆,89.52,46.98,860.4
51133,塔城,新疆,83.0,46.73,534.9
51137,裕民,新疆,83.07,46.2,721.4
51145,额敏,新疆,83.65,46.55,521.6
51156,和布克赛尔,新疆,85.72,46.78,1322.1
51186,青河,新疆,90.38,46.67,1218.2
51232,阿拉山口,新疆,82.57,45.18,369.8
51238,博乐,新疆,82.07,44.9,532.2
51241,托里,新疆,83.6,45.93,1094.2
51243,克拉玛依,新疆,84.85,45.62,450.3
51288,北塔山,新疆,90.53,45.37,1653.7
51328,霍尔果斯,新疆,80.42,44.2,722.0
51329,霍城,新疆,80.85,44.05,640.0
51330,温泉,新疆,81.02,44.97,1357.8
51334,精河,新疆,82.9,44.6,329.2
51346,乌苏,新疆,84.67,44.43,478.7
51352,炮台,新疆,85.25,44.85,337.1
51353,莫索湾,新疆,86.1,45.02,346.0
51356,石河子,新疆,86.05,44.32,442.9
51357,沙湾,新疆,85.62,44.33,522.2
51358,乌兰乌苏,新疆,85.82,44.28,468.5
51359,玛纳斯,新疆,86.2,44.32,471.4
51365,蔡家湖,新疆,87.53,44.2,440.5
51367,呼图壁,新疆,86.82,44.13,575.1
51368,昌吉,新疆,87.32,44.12,515.7
51369,米东区,新疆,87.65,43.97,600.3
51377,阜康,新疆,87.92,44.17,547.0
51378,吉木萨尔,新疆,89.17,44.02,742.9
51379,奇台,新疆,89.57,44.02,793.5
51430,察布查尔,新疆,81.15,43.83,602.6
51431,伊宁市,新疆,81.33,43.95,662.5
51433,尼勒克,新疆,82.52,43.8,1105.3
51434,伊宁县,新疆,81.53,43.97,770.0
51435,巩留,新疆,82.23,43.47,774.9
51436,新源,新疆,83.3,43.45,928.2
51437,昭苏,新疆,81.13,43.15,1851.0
51438,特克斯,新疆,81.77,43.18,1210.4
51463,乌鲁木齐,新疆,87.65,43.78,935.0
51465,小渠子,新疆,87.1,43.48,1871.8
51467,巴仑台,新疆,86.3,42.73,1732.4
51468,天山大西沟,新疆,86.83,43.1,3539.0
51469,西白杨沟,新疆,87.18,43.45,1930.0
51470,天池,新疆,88.12,43.88,1942.5
51477,达坂城,新疆,88.32,43.35,1103.5
51482,木垒,新疆,90.28,43.83,1271.5
51495,十三间房,新疆,91.73,43.22,721.4
51526,库米什,新疆,88.22,42.23,922.4
51542,巴音布鲁克,新疆,84.15,43.03,2458.0
51559,和静,新疆,86.37,42.33,1113.2
51567,焉耆,新疆,86.57,42.08,1055.3
51568,和硕,新疆,86.8,42.25,1085.4
51571,托克逊,新疆,88.63,42.8,49.5
51572,吐鲁番东坎,新疆,89.25,42.83,-48.7
51573,吐鲁番,新疆,89.2,42.93,39.3
51581,鄯善,新疆,90.23,42.85,398.6
51627,乌什,新疆,79.23,41.22,1395.8
51628,阿克苏,新疆,80.23,41.17,1107.1
51629,温宿,新疆,80.23,41.27,1133.1
51633,拜城,新疆,81.9,41.78,1229.2
51636,新和,新疆,82.65,41.55,1009.8
51639,沙雅,新疆,82.78,41.23,980.4
51642,轮台,新疆,84.27,41.82,982.0
51644,库车,新疆,82.97,41.72,1081.9
51655,尉犁,新疆,86.27,41.35,884.9
51656,库尔勒,新疆,86.13,41.75,899.8
51701,吐尔尕特,新疆,75.4,40.52,3504.4
51704,阿图什,新疆,76.17,39.72,1298.7
51705,乌恰,新疆,75.25,39.72,2175.7
51707,伽师,新疆,76.73,39.5,1204.7
51708,阿克陶,新疆,75.95,39.15,1325.1
51709,喀什,新疆,75.98,39.47,1385.6
51711,阿合奇,新疆,78.45,40.93,1985.1
51716,巴楚,新疆,78.57,39.8,1116.5
51717,岳普湖,新疆,76.78,39.25,1206.3
51720,柯坪,新疆,79.05,40.5,1161.8
51722,阿瓦提,新疆,80.4,40.65,1044.3
51730,阿拉尔,新疆,81.27,40.55,1012.2
51747,塔中,新疆,83.67,39.0,1099.3
51765,铁干里克,新疆,87.7,40.63,846.0
51777,若羌,新疆,88.17,39.03,888.2
51802,英吉沙,新疆,76.17,38.93,1297.5
51804,塔什库尔干,新疆,75.23,37.77,3090.1
51810,麦盖提,新疆,77.63,38.92,1178.2
51811,莎车,新疆,77.27,38.43,1231.2
51814,叶城,新疆,77.4,37.92,1360.4
51815,泽普,新疆,77.27,38.2,1274.7
51818,皮山,新疆,78.28,37.62,1375.4
51826,策勒,新疆,80.8,37.02,1336.5
51827,墨玉,新疆,79.72,37.28,1348.9
51828,和田,新疆,79.93,37.13,1375.0
51829,洛浦,新疆,80.17,37.08,1295.6
51839,民丰,新疆,82.72,37.07,1409.5
51855,且末,新疆,85.55,38.15,1247.2
51886,茫崖,青海,90.85,38.25,2944.8
51931,于田,新疆,81.65,36.85,1422.0
52101,巴里坤,新疆,93.05,43.6,1679.4
52112,淖毛湖,新疆,95.13,43.77,479.0
52118,伊吾,新疆,94.7,43.27,1728.6
52203,哈密,新疆,93.52,42.82,737.2
52267,额济纳旗,内蒙古,101.07,41.95,940.5
52313,红柳河,新疆,94.67,41.53,1573.8
52323,马鬃山,甘肃,97.03,41.8,1770.4
52378,拐子湖,内蒙古,102.37,41.37,960.0
52418,敦煌,甘肃,94.68,40.15,1139.0
52424,瓜州,甘肃,95.78,40.53,1170.9
52436,玉门,甘肃,97.03,40.27,1526.0
52446,鼎新,甘肃,99.52,40.3,1177.4
52447,金塔,甘肃,98.88,40.0,1270.5
52495,巴彦诺日公,内蒙古,104.8,40.17,1323.9
52515,肃北,甘肃,94.87,39.52,2137.2
52533,酒泉,甘肃,98.48,39.77,1477.2
52546,高台,甘肃,99.83,39.37,1332.2
52557,临泽,甘肃,100.17,39.15,1453.7
52575,雅布赖,内蒙古,102.78,39.42,1239.5
52576,阿拉善右旗,内蒙古,101.68,39.22,1510.1
52602,冷湖,青海,93.33,38.75,2770.0
52607,乌斯太,内蒙古,106.65,39.43,1252.6
52633,托勒,青海,98.42,38.82,3367.0
52643,肃南,甘肃,99.62,38.83,2311.8
52645,野牛沟,青海,99.58,38.42,3314.0
52652,张掖,甘肃,100.28,39.08,1461.1
52656,民乐,甘肃,100.82,38.43,2232.0
52657,祁连,青海,100.25,38.18,2787.4
52661,山丹,甘肃,101.08,38.8,1765.5
52674,永昌,甘肃,101.97,38.23,2093.9
52675,金昌,甘肃,102.2,38.53,1508.9
52679,武威,甘肃,102.87,37.88,1540.2
52681,民勤,甘肃,103.08,38.63,1367.5
52707,小灶火,青海,93.68,36.8,2767.0
52713,大柴旦,青海,95.35,37.85,3173.2
52737,德令哈,青海,97.38,37.37,2981.5
52745,天峻,青海,99.02,37.3,3417.1
52754,刚察,青海,100.13,37.33,3301.5
52765,门源,青海,101.62,37.38,2850.0
52784,古浪,甘肃,102.9,37.47,2072.4
52787,乌鞘岭,甘肃,102.87,37.2,3045.1
52797,景泰,甘肃,104.05,37.18,1630.9
52818,格尔木,青海,94.92,36.42,2807.6
52825,诺木洪,青海,96.43,36.43,2790.4
52833,乌兰,青海,98.48,36.93,2950.0
52836,都兰,青海,98.1,36.3,3189.0
52842,茶卡,青海,99.08,36.78,3087.6
52853,海晏,青海,100.98,36.9,3010.0
52854,青海湖151,青海,100.48,36.58,3200.8
52855,湟源,青海,101.25,36.68,2675.0
52856,共和,青海,100.62,36.27,2835.0
52862,大通,青海,101.67,36.97,2470.5
52863,互助,青海,101.95,36.82,2480.0
52866,西宁,青海,101.75,36.73,2434.2
52868,贵德,青海,101.43,36.03,2273.0
52869,湟中,青海,101.58,36.5,2667.5
52874,乐都,青海,102.4,36.48,2021.0
52875,平安,青海,102.1,36.5,2125.0
52876,民和,青海,102.83,36.33,1813.9
52877,化隆,青海,102.25,36.1,2834.7
52881,天祝,甘肃,103.18,36.98,2484.8
52884,皋兰,甘肃,103.95,36.35,1668.5
52885,永登,甘肃,103.25,36.75,2118.8
52889,兰州,甘肃,103.88,36.05,1517.2
52895,靖远,甘肃,104.68,36.57,1398.2
52896,白银,甘肃,104.15,36.55,1736.7
52908,五道梁,青海,93.08,35.22,4612.2
52941,沙珠玉,青海,100.27,36.27,2872.0
52943,兴海,青海,99.98,35.58,3323.2
52955,贵南,青海,100.73,35.58,3120.0
52957,同德,青海,100.6,35.25,3148.2
52963,尖扎,青海,102.02,35.93,2085.7
52968,泽库,青海,101.47,35.03,3662.8
52972,循化,青海,102.45,35.85,1921.0
52974,同仁,青海,102.02,35.52,2475.0
52978,夏河,甘肃,102.52,35.2,2948.3
52980,永靖,甘肃,103.3,35.97,1648.0
52981,东乡,甘肃,103.38,35.67,2421.0
52982,广河,甘肃,103.55,35.48,1953.2
52983,榆中,甘肃,104.15,35.87,1874.4
52984,临夏,甘肃,103.18,35.58,1917.2
52985,和政,甘肃,103.33,35.42,2162.8
52986,临洮,甘肃,103.87,35.37,1893.8
52988,康乐,甘肃,103.72,35.37,2015.8
52993,会宁,甘肃,105.07,35.68,1739.4
52995,安定,甘肃,104.6,35.58,2004.9
52996,华家岭,甘肃,105.02,35.38,2450.6
52998,渭源,甘肃,104.2,35.13,2111.0
53068,二连浩特,内蒙古,111.97,43.65,963.1
53083,那仁宝力格,内蒙古,114.15,44.62,1181.6
53149,满都拉,内蒙古,110.13,42.53,1225.2
53192,阿巴嘎旗,内蒙古,114.95,44.02,1147.7
53195,苏尼特左旗,内蒙古,113.63,43.85,1036.7
53231,海力素,内蒙古,106.4,41.4,1510.2
53272,苏尼特右旗,内蒙古,112.63,42.75,1104.9
53276,朱日和,内蒙古,112.9,42.4,1150.8
53289,镶黄旗,内蒙古,113.83,42.23,1322.1
53324,乌拉特后旗,内蒙古,107.05,41.07,1035.3
53336,乌拉特中旗,内蒙古,108.52,41.57,1288.0
53337,五原,内蒙古,108.27,41.1,1023.3
53343,白云鄂博,内蒙古,109.97,41.77,1612.2
53348,大佘太,内蒙古,109.13,41.02,1078.7
53352,达尔罕茂明安联合旗,内蒙古,110.43,41.7,1376.6
53357,固阳,内蒙古,110.05,41.03,1403.1
53362,四子王旗,内蒙古,111.68,41.53,1445.2
53367,希拉穆仁,内蒙古,111.23,41.32,1602.3
53368,武川,内蒙古,111.47,41.08,1637.3
53378,察哈尔右翼中旗,内蒙古,112.62,41.28,1737.3
53384,察哈尔右翼后旗,内蒙古,113.18,41.45,1423.5
53385,商都,内蒙古,113.55,41.57,1420.0
53391,化德,内蒙古,114.0,41.9,1482.7
53392,康保,河北,114.6,41.85,1434.5
53397,尚义,河北,113.98,41.1,1376.5
53399,张北,河北,114.7,41.15,1393.3
53419,磴口,内蒙古,107.0,40.33,1055.3
53420,杭锦后旗,内蒙古,107.12,40.85,1024.0
53433,乌拉特前旗,内蒙古,108.65,40.73,1020.4
53446,包头,内蒙古,109.85,40.67,1004.7
53455,土默特右旗,内蒙古,110.53,40.55,998.6
53457,达拉特旗,内蒙古,110.03,40.4,1011.0
53463,呼和浩特,内蒙古,111.68,40.82,1153.5
53464,土默特左旗,内蒙古,111.17,40.72,1042.7
53466,赛罕区,内蒙古,111.7,40.75,1045.4
53467,托克托,内蒙古,111.18,40.27,1015.9
53469,和林格尔,内蒙古,111.82,40.4,1166.7
53472,卓资,内蒙古,112.57,40.87,1451.7
53475,凉城,内蒙古,112.47,40.52,1268.9
53478,右玉,山西,112.45,40.0,1345.8
53480,集宁,内蒙古,113.07,41.03,1419.3
53481,察哈尔右翼前旗,内蒙古,113.2,40.8,1284.4
53483,兴和,内蒙古,113.83,40.87,1268.7
53484,丰镇,内蒙古,113.15,40.45,1191.5
53486,阳高,山西,113.77,40.37,1050.3
53487,大同,山西,113.33,40.1,1052.6
53488,云州区,山西,113.58,40.03,1034.3
53490,天镇,山西,114.05,40.43,1014.7
53491,怀安,河北,114.38,40.67,837.7
53492,阳原,河北,114.15,40.1,937.6
53498,宣化,河北,115.03,40.57,629.3
53499,万全,河北,114.73,40.77,755.2
53502,吉兰太,内蒙古,105.75,39.78,1031.8
53505,孪井滩,内蒙古,105.4,37.88,1380.7
53512,乌海,内蒙古,106.8,39.8,1105.6
53513,临河,内蒙古,107.37,40.73,1041.1
53517,石炭井,宁夏,106.33,39.27,1464.7
53518,石嘴山,宁夏,106.35,39.03,1126.9
53519,惠农,宁夏,106.77,39.22,1092.2
53522,伊和乌素,内蒙古,107.83,40.05,1180.3
53529,鄂托克旗,内蒙古,107.98,39.1,1381.4
53533,杭锦旗,内蒙古,108.73,39.85,1414.0
53543,东胜,内蒙古,109.98,39.83,1461.9
53545,伊金霍洛旗,内蒙古,109.73,39.57,1367.0
53547,乌审召,内蒙古,109.03,39.1,1312.2
53553,准格尔旗,内蒙古,111.22,39.87,1221.4
53562,清水河,内蒙古,111.67,39.92,1208.0
53564,河曲,山西,111.15,39.38,1036.0
53565,偏关,山西,111.5,39.43,1051.7
53567,府谷,陕西,111.08,39.03,1024.3
53573,左云,山西,112.7,40.0,1336.3
53574,平鲁,山西,112.27,39.52,1409.4
53575,神池,山西,112.2,39.1,1525.4
53576,山阴,山西,112.82,39.5,1045.0
53577,宁武,山西,112.3,39.0,1437.4
53578,朔州,山西,112.43,39.37,1114.8
53579,代县,山西,112.9,39.02,859.7
53580,怀仁,山西,113.1,39.82,1044.6
53582,浑源,山西,113.67,39.72,1079.2
53584,应县,山西,113.17,39.57,1000.7
53585,繁峙,山西,113.27,39.17,933.9
53588,五台山,山西,113.52,38.95,2208.3
53590,广灵,山西,114.27,39.75,977.8
53593,蔚县,河北,114.57,39.83,909.5
53594,灵丘,山西,114.18,39.45,938.7
53596,顺平,河北,115.13,38.85,80.7
53599,涞源,河北,114.68,39.37,884.4
53602,阿拉善左旗,内蒙古,105.67,38.83,1561.4
53603,沙湖,宁夏,106.37,38.83,1099.9
53610,贺兰,宁夏,106.35,38.57,1106.0
53611,平罗,宁夏,106.55,38.88,1098.7
53612,吴忠,宁夏,106.18,37.98,1127.2
53614,银川,宁夏,106.2,38.47,1111.6
53615,陶乐,宁夏,106.7,38.8,1101.0
53617,青铜峡,宁夏,106.08,38.03,1125.7
53618,永宁,宁夏,106.25,38.28,1115.5
53619,灵武,宁夏,106.3,38.12,1115.7
53644,乌审旗,内蒙古,108.83,38.6,1307.2
53646,榆林,陕西,109.78,38.27,1157.0
53651,神木,陕西,110.43,38.82,1098.0
53658,佳县,陕西,110.48,38.03,894.4
53659,临县,山西,111.0,37.97,1163.3
53660,保德,山西,111.08,39.02,894.4
53662,岢岚,山西,111.58,38.72,1396.7
53663,五寨,山西,111.82,38.92,1401.0
53664,兴县,山西,111.13,38.47,1012.6
53665,岚县,山西,111.63,38.28,1221.3
53666,静乐,山西,111.93,38.35,1212.2
53669,娄烦,山西,111.8,38.08,1150.3
53673,原平,山西,112.72,38.73,828.2
53674,忻州,山西,112.7,38.42,869.9
53676,定襄,山西,112.98,38.5,759.4
53677,尖草坪,山西,112.48,37.93,806.5
53678,阳曲,山西,112.65,38.07,897.1
53679,小店,山西,112.55,37.73,776.2
53680,灵寿,河北,114.38,38.3,108.9
53681,五台,山西,113.37,38.83,1096.2
53682,曲阳,河北,114.68,38.63,104.1
53685,盂县,山西,113.42,38.07,953.2
53687,平定,山西,113.63,37.78,753.0
53688,行唐,河北,114.55,38.45,100.3
53689,晋州,河北,115.07,38.02,42.4
53690,阜平,河北,114.18,38.85,281.9
53691,正定,河北,114.57,38.15,71.0
53692,唐县,河北,114.98,38.73,66.5
53693,井陉,河北,114.13,38.03,255.5
53694,平山,河北,114.22,38.27,131.0
53695,新乐,河北,114.68,38.35,70.8
53696,定州,河北,115.0,38.52,41.9
53697,藁城,河北,114.83,38.03,53.5
53698,石家庄,河北,114.42,38.03,89.3
53699,无极,河北,114.95,38.18,45.4
53704,中卫,宁夏,105.18,37.53,1226.7
53705,中宁,宁夏,105.68,37.48,1181.3
53707,兴仁,宁夏,105.25,36.93,1697.9
53716,大水坑,宁夏,106.96,37.46,1552.0
53723,盐池,宁夏,107.38,37.8,1350.9
53725,定边,陕西,107.58,37.58,1360.3
53727,麻黄山,宁夏,107.12,37.17,1691.1
53730,鄂托克前旗,内蒙古,107.48,38.18,1333.3
53732,河南,内蒙古,108.72,37.85,1209.9
53735,靖边,陕西,108.8,37.62,1336.7
53738,吴起,陕西,108.17,36.92,1331.4
53740,横山,陕西,109.23,37.93,1111.0
53748,子长,陕西,109.7,37.18,1063.3
53750,米脂,陕西,110.18,37.77,931.0
53751,子洲,陕西,110.05,37.6,894.6
53753,柳林,山西,110.88,37.43,860.1
53754,绥德,陕西,110.22,37.5,929.7
53756,吴堡,陕西,110.72,37.52,744.0
53757,清涧,陕西,110.12,37.12,938.0
53759,石楼,山西,110.83,36.98,1109.1
53760,方山,山西,111.23,37.88,1212.4
53763,古交,山西,112.17,37.92,1006.8
53764,吕梁,山西,111.1,37.5,950.8
53767,中阳,山西,111.17,37.33,1213.1
53768,孝义,山西,111.75,37.15,773.4
53769,汾阳,山西,111.78,37.25,747.7
53770,祁县,山西,112.35,37.35,768.8
53771,文水,山西,112.05,37.42,750.0
53772,太原,山西,112.55,37.78,776.3
53773,临漳,河北,114.62,36.33,64.6
53774,清徐,山西,112.33,37.62,759.9
53775,太谷,山西,112.53,37.43,785.8
53776,晋中,山西,112.78,37.7,854.1
53777,交城,山西,112.15,37.53,753.6
53778,平遥,山西,112.22,37.17,780.3
53780,寿阳,山西,113.15,37.9,1066.1
53781,沙河,河北,114.47,36.87,67.9
53782,阳泉,山西,113.55,37.85,767.2
53783,昔阳,山西,113.7,37.6,940.3
53784,赵县,河北,114.78,37.75,38.5
53785,柏乡,河北,114.67,37.52,35.0
53786,左权,山西,113.37,37.08,1152.5
53787,榆社,山西,112.98,37.07,1041.4
53788,和顺,山西,113.57,37.33,1265.7
53789,栾城,河北,114.63,37.88,52.9
53790,高邑,河北,114.62,37.6,44.5
53791,元氏,河北,114.52,37.77,68.4
53792,临城,河北,114.48,37.45,113.0
53794,隆尧,河北,114.78,37.38,31.0
53795,赞皇,河北,114.37,37.65,159.3
53796,宁晋,河北,114.88,37.62,30.6
53797,内丘,河北,114.52,37.28,163.6
53798,邢台,河北,114.5,37.07,183.0
53799,巨鹿,河北,114.98,37.23,25.9
53801,甘盐池,宁夏,105.29,36.64,2022.0
53806,海原,宁夏,105.65,36.57,1855.6
53810,同心,宁夏,105.9,36.97,1336.4
53817,固原,宁夏,106.27,36.0,1752.8
53821,环县,甘肃,107.3,36.57,1255.6
53829,庆城,甘肃,107.9,35.98,1093.7
53832,志丹,陕西,108.77,36.82,1297.1
53841,安塞,陕西,109.32,36.88,1068.3
53845,延安,陕西,109.5,36.6,1180.5
53848,甘泉,陕西,109.35,36.27,1005.5
53850,延川,陕西,110.18,36.88,804.9
53852,永和,山西,110.63,36.77,916.6
53853,隰县,山西,110.95,36.7,1052.7
53854,延长,陕西,110.07,36.58,804.8
53856,大宁,山西,110.75,36.47,765.9
53857,宜川,陕西,110.18,36.07,840.3
53859,吉县,山西,110.67,36.1,851.3
53860,交口,山西,111.17,36.98,1406.7
53861,襄汾,山西,111.42,35.88,463.5
53862,灵石,山西,111.8,36.85,811.7
53863,介休,山西,111.92,37.03,746.0
53864,蒲县,山西,111.1,36.4,1030.6
53865,汾西,山西,111.55,36.65,1011.9
53866,洪洞,山西,111.67,36.23,462.8
53868,临汾,山西,111.5,36.07,449.5
53869,霍州,山西,111.7,36.58,550.0
53871,武乡,山西,112.85,36.83,1080.3
53872,沁县,山西,112.68,36.77,960.7
53873,长子,山西,112.87,36.1,951.1
53874,古县,山西,111.9,36.25,648.7
53875,沁源,山西,112.35,36.52,1000.0
53877,安泽,山西,112.25,36.17,860.1
53878,黎城,山西,113.37,36.5,780.7
53879,屯留,山西,112.88,36.32,952.3
53880,潞城,山西,113.23,36.33,947.6
53881,韦州,宁夏,106.48,37.28,1382.2
53882,长治,山西,113.07,36.05,1046.9
53883,任县,河北,114.7,37.13,36.5
53884,襄垣,山西,113.03,36.52,877.9
53885,壶关,山西,113.2,36.13,1122.0
53886,涉县,河北,113.67,36.57,470.4
53888,平顺,山西,113.43,36.2,1089.2
53889,林州,河南,113.82,36.07,414.4
53890,武安,河北,114.15,36.68,280.1
53891,南和,河北,114.68,37.02,43.0
53892,邯郸,河北,114.47,36.62,66.6
53893,曲周,河北,114.95,36.77,37.9
53894,峰峰,河北,114.2,36.4,149.3
53895,永年,河北,114.5,36.78,111.2
53896,魏县,河北,114.95,36.35,51.6
53897,磁县,河北,114.38,36.38,87.4
53898,安阳,河南,114.4,36.05,194.8
53899,广平,河北,114.97,36.48,48.5
53903,西吉,宁夏,105.72,35.97,1916.5
53906,静宁,甘肃,105.72,35.52,1656.4
53908,通渭,甘肃,105.23,35.22,1769.8
53910,六盘山,宁夏,106.2,35.67,2845.2
53913,彭阳,宁夏,106.63,35.85,1478.0
53914,隆德,宁夏,106.12,35.62,2078.6
53915,崆峒,甘肃,106.67,35.55,1467.6
53916,泾源,宁夏,106.32,35.5,1984.7
53917,庄浪,甘肃,106.07,35.22,1631.0
53923,西峰,甘肃,107.63,35.73,1421.0
53924,灵台,甘肃,107.62,35.07,966.6
53925,镇原,甘肃,107.18,35.68,1172.5
53926,泾川,甘肃,107.35,35.35,1028.8
53927,华亭,甘肃,106.62,35.2,1477.6
53928,崇信,甘肃,107.02,35.3,1149.1
53929,长武,陕西,107.8,35.2,1206.5
53930,华池,甘肃,107.98,36.45,1420.0
53931,富县,陕西,109.37,36.0,984.0
53934,合水,甘肃,108.02,35.82,1274.3
53935,正宁,甘肃,108.35,35.48,1481.9
53937,宁县,甘肃,107.92,35.52,1135.3
53938,旬邑,陕西,108.3,35.17,1277.0
53941,白水,陕西,109.58,35.18,804.4
53942,洛川,陕西,109.5,35.82,1087.7
53944,黄陵,陕西,109.25,35.57,863.0
53945,宜君,陕西,109.07,35.43,1395.2
53946,黄龙,陕西,109.82,35.6,1091.0
53947,王益,陕西,109.07,35.08,978.9
53948,蒲城,陕西,109.58,34.95,387.2
53949,澄城,陕西,109.92,35.18,679.1
53950,合阳,陕西,110.15,35.23,708.8
53953,乡宁,山西,110.85,35.97,1290.0
53954,稷山,山西,110.97,35.62,433.5
53955,韩城,陕西,110.47,35.52,461.6
53956,万荣,山西,110.83,35.4,588.4
53957,河津,山西,110.72,35.62,459.2
53958,临猗,山西,110.78,35.13,435.6
53959,运城,山西,111.05,35.05,375.0
53961,曲沃,山西,111.48,35.65,472.6
53962,翼城,山西,111.7,35.73,584.5
53963,侯马,山西,111.37,35.65,433.8
53964,新绛,山西,111.22,35.62,430.8
53965,绛县,山西,111.57,35.52,761.0
53966,浮山,山西,111.83,35.98,817.2
53967,闻喜,山西,111.2,35.33,468.3
53968,垣曲,山西,111.67,35.28,505.0
53970,沁水,山西,112.2,35.7,887.3
53972,沁阳,河南,112.92,35.12,117.5
53973,高平,山西,112.95,35.77,837.3
53974,淇县,河南,114.18,35.62,70.4
53975,阳城,山西,112.4,35.48,659.5
53976,晋城,山西,112.87,35.5,752.6
53978,济源,河南,112.63,35.08,140.1
53979,博爱,河南,113.08,35.15,120.0
53980,肥乡,河北,114.8,36.55,50.2
53981,陵川,山西,113.27,35.78,1311.6
53982,焦作,河南,113.27,35.23,112.0
53983,封丘,河南,114.42,35.03,69.6
53984,修武,河南,113.47,35.23,82.7
53985,辉县,河南,113.82,35.45,140.7
53986,新乡,河南,113.88,35.32,73.2
53987,武陟,河南,113.42,35.1,94.5
53988,获嘉,河南,113.72,35.27,77.4
53989,原阳,河南,113.95,35.05,75.9
53991,汤阴,河南,114.35,35.93,93.0
53992,浚县,河南,114.52,35.65,58.2
53993,内黄,河南,114.92,35.93,51.6
53994,卫辉,河南,114.07,35.38,70.0
53995,滑县,河南,114.5,35.55,62.1
53996,成安,河北,114.65,36.45,57.9
53997,延津,河南,114.18,35.15,71.1
53998,长垣,河南,114.65,35.2,61.6
54012,西乌珠穆沁旗,内蒙古,117.6,44.58,1001.7
54024,富河,内蒙古,119.3,44.45,710.0
54026,扎鲁特旗,内蒙古,120.9,44.57,265.0
54027,巴林左旗,内蒙古,119.4,43.98,587.8
54031,高力板,内蒙古,121.82,44.9,198.3
54039,舍伯吐,内蒙古,122.02,44.03,181.6
54041,通榆,吉林,123.07,44.8,150.0
54047,科尔沁左翼中旗,内蒙古,123.28,44.13,145.8
54049,长岭,吉林,123.97,44.25,188.9
54063,扶余,吉林,126.0,44.97,196.8
54064,农安,吉林,125.15,44.38,170.2
54065,德惠,吉林,125.65,44.53,169.1
54069,九台,吉林,125.8,44.17,173.6
54072,榆树,吉林,126.52,44.85,196.5
54076,舒兰,吉林,126.93,44.38,268.1
54080,五常,黑龙江,127.15,44.9,194.6
54084,龙凤山,黑龙江,127.6,44.73,331.0
54092,海林,黑龙江,129.4,44.6,292.1
54093,穆棱,黑龙江,130.55,44.93,266.3
54094,牡丹江,黑龙江,129.6,44.57,305.7
54096,绥芬河,黑龙江,131.17,44.38,567.8
54098,宁安,黑龙江,129.47,44.33,267.9
54099,东宁,黑龙江,131.13,44.08,148.6
54102,锡林浩特,内蒙古,116.12,43.95,1003.0
54113,巴林右旗,内蒙古,118.63,43.53,688.8
54115,林西,内蒙古,118.07,43.6,825.0
54117,克什克腾旗,内蒙古,117.53,43.25,1003.3
54122,阿鲁科尔沁旗,内蒙古,120.05,43.88,428.9
54132,青龙山,内蒙古,121.07,42.4,400.0
54134,开鲁,内蒙古,121.28,43.6,241.0
54135,通辽,内蒙古,122.27,43.6,178.7
54142,双辽,吉林,123.53,43.5,114.9
54154,梨树,吉林,124.3,43.35,160.2
54155,孤家子,吉林,124.23,43.67,144.2
54156,公主岭,吉林,124.8,43.52,200.4
54157,四平,吉林,124.33,43.17,179.5
54161,长春,吉林,125.22,43.9,236.8
54164,伊通,吉林,125.28,43.35,248.1
54165,双阳,吉林,125.63,43.55,219.5
54169,烟筒山,吉林,126.02,43.3,271.6
54171,永吉,吉林,126.52,43.7,229.5
54172,吉林,吉林,126.6,43.78,290.3
54175,北大湖,吉林,126.62,43.42,537.0
54181,蛟河,吉林,127.33,43.7,295.0
54186,敦化,吉林,128.2,43.37,524.9
54187,安图,吉林,128.92,43.12,366.6
54192,罗子沟,吉林,130.27,43.7,384.6
54195,汪清,吉林,129.78,43.3,244.8
54204,正镶白旗,内蒙古,115.03,42.28,1366.5
54205,正兰旗,内蒙古,116.0,42.23,1315.5
54208,多伦县,内蒙古,116.47,42.18,1245.4
54213,翁牛特旗,内蒙古,119.02,42.93,634.3
54214,岗子,内蒙古,118.42,42.58,960.0
54218,赤峰,内蒙古,118.83,42.3,668.6
54223,奈曼旗,内蒙古,120.65,42.85,362.9
54225,敖汉旗,内蒙古,119.92,42.28,579.4
54226,宝国图,内蒙古,120.7,42.33,400.5
54231,科尔沁左翼后旗,内蒙古,122.35,42.97,256.9
54234,库伦旗,内蒙古,121.75,42.73,297.8
54236,彰武,辽宁,122.55,42.38,79.4
54237,阜新,辽宁,121.75,42.07,167.8
54243,昌图,辽宁,124.12,42.78,165.1
54244,康平,辽宁,123.33,42.75,87.0
54245,法库,辽宁,123.4,42.5,97.8
54248,新城子,辽宁,123.53,42.03,61.6
54249,铁岭,辽宁,123.87,42.3,85.4
54252,西丰,辽宁,124.75,42.73,196.1
54254,开原,辽宁,124.05,42.53,98.2
54259,清原,辽宁,124.92,42.1,224.0
54260,辽源,吉林,125.08,42.92,252.9
54261,东丰,吉林,125.52,42.68,345.3
54263,磐石,吉林,126.05,42.97,351.2
54266,梅河口,吉林,125.63,42.53,340.5
54267,柳河,吉林,125.73,42.25,362.3
54273,桦甸,吉林,126.75,42.98,263.3
54274,辉南,吉林,126.07,42.68,306.7
54276,靖宇,吉林,126.82,42.35,570.0
54279,江源,吉林,126.58,42.05,544.4
54284,东岗,吉林,127.5,42.15,774.2
54285,二道,吉林,128.12,42.42,731.7
54286,和龙,吉林,129.0,42.53,475.6
54287,天池,吉林,128.08,42.02,2623.0
54290,龙井,吉林,129.4,42.77,241.1
54291,珲春,吉林,130.35,42.78,43.4
54292,延吉,吉林,129.5,42.87,257.3
54293,图们,吉林,129.83,42.95,142.8
54301,沽源,河北,115.67,41.67,1411.2
54304,崇礼,河北,115.28,40.97,1239.8
54305,太仆寺旗,内蒙古,115.27,41.88,1468.9
54308,丰宁,河北,116.63,41.2,735.1
54311,围场,河北,117.77,41.97,892.7
54313,喀喇沁旗,内蒙古,118.7,41.93,733.7
54316,八里罕,内蒙古,118.75,41.52,679.3
54318,隆化,河北,117.73,41.35,599.9
54319,平泉,河北,118.67,41.02,546.5
54320,宁城,内蒙古,119.3,41.6,544.2
54321,建平镇,辽宁,119.63,41.87,661.8
54323,北票,辽宁,120.78,41.82,253.8
54324,朝阳,辽宁,120.43,41.55,174.3
54325,羊山,辽宁,120.35,41.18,183.8
54326,建平,辽宁,119.7,41.38,462.2
54327,凌源,辽宁,119.35,41.23,417.1
54328,喀左,辽宁,119.72,41.08,341.0
54330,凌海,辽宁,121.37,41.17,45.2
54331,北镇,辽宁,121.77,41.58,113.6
54332,辽中,辽宁,122.72,41.52,12.2
54333,新民,辽宁,122.85,41.97,30.9
54334,义县,辽宁,121.23,41.52,74.2
54335,黑山,辽宁,122.08,41.68,37.5
54336,台安,辽宁,122.42,41.42,8.3
54337,锦州,辽宁,121.12,41.13,65.9
54338,盘山,辽宁,121.95,41.28,4.8
54339,鞍山,辽宁,123.0,41.08,77.3
54340,苏家屯,辽宁,123.32,41.67,35.8
54342,沈阳,辽宁,123.52,41.73,49.0
54345,辽阳县,辽宁,123.07,41.2,30.7
54346,本溪,辽宁,123.78,41.32,185.4
54347,辽阳,辽宁,123.17,41.23,24.8
54348,灯塔,辽宁,123.33,41.42,45.0
54349,本溪县,辽宁,124.12,41.3,258.9
54351,抚顺,辽宁,124.08,41.92,118.5
54353,新宾,辽宁,125.05,41.73,328.4
54362,通化县,吉林,125.73,41.67,380.1
54363,通化,吉林,125.9,41.68,402.9
54365,桓仁,辽宁,125.35,41.28,245.5
54371,白山,吉林,126.43,41.93,520.6
54374,临江,吉林,126.88,41.8,379.7
54377,集安,吉林,126.15,41.1,225.1
54386,长白,吉林,128.18,41.42,775.0
54398,顺义,北京,116.62,40.13,28.6
54399,海淀,北京,116.28,39.98,45.8
54401,张家口,河北,114.88,40.78,772.8
54404,赤城,河北,115.83,40.88,867.6
54405,怀来,河北,115.5,40.42,570.9
54406,延庆,北京,115.97,40.45,487.9
54408,涿鹿,河北,115.22,40.38,529.6
54410,佛爷顶,北京,116.13,40.6,1224.7
54412,汤河口,北京,116.63,40.73,331.6
54416,密云,北京,116.87,40.38,71.8
54419,怀柔,北京,116.63,40.37,75.7
54420,滦平,河北,117.33,40.93,529.0
54421,密云上甸子,北京,117.12,40.65,293.3
54423,承德,河北,117.92,40.97,422.3
54424,平谷,北京,117.12,40.17,32.1
54425,兴隆,河北,117.47,40.4,633.2
54428,蓟州,天津,117.4,40.03,32.0
54429,遵化,河北,117.95,40.2,54.9
54430,承德县,河北,118.15,40.77,330.0
54431,通州,北京,116.63,39.92,19.8
54432,宽城,河北,118.48,40.6,369.3
54433,朝阳,北京,116.5,39.95,35.3
54434,迁西,河北,118.3,40.17,131.6
54436,青龙,河北,118.95,40.42,254.3
54437,滦南,河北,118.65,39.5,18.3
54438,卢龙,河北,118.88,39.88,65.0
54439,迁安,河北,118.72,40.02,50.9
54449,秦皇岛,河北,119.52,39.85,2.4
54452,建昌,辽宁,119.82,40.8,367.0
54453,葫芦岛,辽宁,120.88,40.78,38.9
54454,绥中,辽宁,120.3,40.33,29.0
54455,兴城,辽宁,120.65,40.62,20.5
54456,菊花岛,辽宁,120.8,40.5,39.0
54458,叼龙嘴,辽宁,120.44,40.2,4.0
54470,盘锦,辽宁,122.07,41.02,5.5
54471,营口,辽宁,122.17,40.65,3.8
54472,海城,辽宁,122.72,40.88,25.3
54474,盖州,辽宁,122.35,40.42,24.8
54475,大石桥,辽宁,122.48,40.62,11.5
54476,鲅鱼圈,辽宁,122.15,40.17,20.4
54483,草河口,辽宁,123.9,40.88,233.6
54486,岫岩,辽宁,123.28,40.28,97.7
54493,宽甸,辽宁,124.78,40.72,260.1
54494,凤城,辽宁,124.07,40.47,72.6
54497,丹东,辽宁,124.33,40.05,13.8
54499,昌平,北京,116.22,40.22,76.2
54501,斋堂,北京,115.68,39.97,440.3
54502,涿州,河北,116.03,39.48,29.3
54503,容城,河北,115.82,39.07,12.8
54505,门头沟,北京,116.12,39.92,85.5
54506,高碑店,河北,115.95,39.32,24.6
54507,易县,河北,115.5,39.35,49.3
54510,大厂,河北,116.98,39.9,18.3
54511,北京,北京,116.47,39.8,31.3
54512,固安,河北,116.28,39.42,21.4
54513,石景山,北京,116.2,39.95,63.0
54514,丰台,北京,116.25,39.87,55.2
54515,廊坊,河北,116.7,39.5,13.7
54517,天津,天津,117.2,39.07,2.0
54518,霸州,河北,116.38,39.12,8.9
54519,永清,河北,116.48,39.3,12.2
54520,三河,河北,117.08,39.97,18.1
54521,香河,河北,116.98,39.77,9.4
54522,玉田,河北,117.73,39.88,17.8
54523,武清,天津,117.02,39.38,8.2
54525,宝坻,天津,117.28,39.73,5.1
54526,东丽,天津,117.33,39.08,1.9
54527,西青,天津,117.05,39.08,3.5
54528,北辰,天津,117.13,39.23,3.4
54529,宁河,天津,117.85,39.38,3.1
54530,汉沽,天津,117.77,39.23,1.3
54531,滦州,河北,118.72,39.73,43.0
54532,丰润,河北,118.1,39.8,31.6
54533,丰南,河北,118.1,39.58,8.9
54534,唐山,河北,118.1,39.65,23.2
54535,曹妃甸,河北,118.47,39.28,3.2
54538,曹妃甸工业区,河北,118.75,39.18,2.0
54539,乐亭,河北,118.88,39.43,8.5
54540,昌黎,河北,119.2,39.73,17.6
54541,抚宁,河北,119.23,39.9,24.3
54563,瓦房店,辽宁,122.02,39.63,118.7
54565,长兴岛,辽宁,121.47,39.6,70.6
54568,金州,辽宁,121.7,39.08,90.8
54569,普兰店,辽宁,121.97,39.4,11.7
54575,皮口,辽宁,122.37,39.42,43.2
54578,獐子岛,辽宁,122.71,39.04,57.3
54579,长海,辽宁,122.58,39.27,35.5
54584,庄河,辽宁,122.95,39.72,34.8
54590,东港,辽宁,124.17,39.88,3.9
54594,大兴,北京,116.35,39.72,37.5
54596,房山,北京,116.13,39.68,48.9
54597,霞云岭,北京,115.73,39.73,407.7
54601,徐水,河北,115.65,38.98,13.1
54602,保定,河北,115.48,38.73,16.8
54603,高阳,河北,115.77,38.72,10.0
54604,安国,河北,115.33,38.42,31.0
54605,安新,河北,115.93,38.93,4.4
54606,饶阳,河北,115.73,38.23,17.9
54607,望都,河北,115.12,38.72,47.8
54608,深州,河北,115.55,38.0,26.1
54609,安平,河北,115.5,38.25,22.4
54610,任丘,河北,116.1,38.73,8.1
54611,满城,河北,115.32,38.93,44.8
54612,文安,河北,116.45,38.87,4.3
54613,大城,河北,116.62,38.7,6.9
54614,河间,河北,116.08,38.45,10.9
54615,青县,河北,116.85,38.58,8.0
54616,沧州,河北,116.85,38.35,8.0
54617,献县,河北,116.12,38.18,13.3
54618,泊头,河北,116.55,38.08,13.2
54619,静海,天津,116.92,38.92,5.5
54620,蠡县,河北,115.57,38.48,18.5
54621,深泽,河北,115.18,38.18,38.1
54622,津南,天津,117.37,38.98,3.7
54623,滨海新区,天津,117.72,39.05,4.8
54624,黄骅,河北,117.35,38.37,4.5
54626,肃宁,河北,115.82,38.42,13.9
54627,盐山,河北,117.23,38.03,8.2
54628,海兴,河北,117.42,38.08,5.0
54631,广宗,河北,115.15,37.07,32.4
54632,平乡,河北,115.03,37.07,34.0
54633,新河,河北,115.23,37.52,26.1
54636,雄县,河北,116.1,39.02,10.3
54640,鸡泽,河北,114.87,36.92,36.6
54644,孟村,河北,117.12,38.05,10.5
54645,大港,天津,117.47,38.85,2.2
54646,平台,天津,118.42,38.45,30.3
54660,旅顺,辽宁,121.23,38.82,66.7
54661,老铁山,辽宁,121.14,38.91,0.0
54662,大连,辽宁,121.63,38.9,91.5
54700,武强,河北,115.93,38.03,16.2
54701,辛集,河北,115.2,37.93,35.9
54702,衡水,河北,115.7,37.73,20.7
54703,武邑,河北,115.88,37.8,21.3
54704,冀州,河北,115.57,37.52,24.8
54705,南宫,河北,115.38,37.37,27.4
54706,清河,河北,115.67,37.08,31.5
54707,故城,河北,115.98,37.35,27.4
54708,枣强,河北,115.73,37.5,23.6
54709,武城,山东,116.07,37.22,24.8
54710,阜城,河北,116.17,37.87,18.6
54711,景县,河北,116.28,37.7,18.3
54712,临邑,山东,116.82,37.2,18.5
54713,东光,河北,116.53,37.88,14.4
54714,德州,山东,116.33,37.45,23.6
54715,陵城,山东,116.57,37.32,17.6
54716,宁津,山东,116.8,37.67,17.3
54717,吴桥,河北,116.4,37.63,17.1
54718,平原,山东,116.43,37.15,22.9
54719,南皮,河北,116.68,38.03,10.8
54722,无棣,山东,117.63,37.75,6.8
54723,阳信,山东,117.57,37.65,10.1
54724,商河,山东,117.13,37.32,14.8
54725,惠民,山东,117.53,37.5,11.7
54726,乐陵,山东,117.18,37.7,11.5
54727,章丘,山东,117.55,36.68,263.0
54728,庆云,山东,117.38,37.77,10.5
54729,高青,山东,117.87,37.17,11.5
54730,沾化,山东,118.13,37.7,6.3
54731,利津,山东,118.22,37.48,11.9
54732,河口,山东,118.52,37.87,5.6
54733,刁口渔港,山东,118.62,38.03,1.1
54734,滨州,山东,118.0,37.35,12.2
54736,东营,山东,118.67,37.43,6.0
54737,博兴,山东,118.15,37.15,9.4
54738,广饶,山东,118.4,37.05,14.2
54744,垦利,山东,118.55,37.58,8.5
54749,莱州,山东,119.95,37.18,48.4
54751,长岛,山东,120.73,37.93,39.7
54752,蓬莱,山东,120.77,37.8,60.7
54753,龙口,山东,120.33,37.63,4.8
54755,招远,山东,120.38,37.37,117.8
54759,栖霞,山东,120.83,37.3,205.5
54761,芝罘岛,山东,121.48,37.57,7.0
54764,福山,山东,121.23,37.48,53.9
54765,烟台,山东,121.43,37.48,82.0
54766,牟平,山东,121.62,37.38,39.1
54774,威海,山东,122.13,37.47,65.4
54776,成山头,山东,122.7,37.4,47.7
54777,文登,山东,122.07,37.2,118.0
54778,荣成,山东,122.48,37.17,61.7
54800,威县,河北,115.25,37.0,33.3
54801,临西,河北,115.48,36.85,35.3
54802,临清,山东,115.73,36.82,34.0
54803,夏津,山东,116.02,36.98,27.9
54804,大名,河北,115.13,36.3,45.3
54805,冠县,山东,115.45,36.48,39.3
54806,聊城,山东,115.97,36.42,33.0
54807,阳谷,山东,115.8,36.13,41.2
54808,莘县,山东,115.63,36.23,37.8
54809,馆陶,河北,115.28,36.55,41.3
54810,高唐,山东,116.27,36.87,27.1
54811,禹城,山东,116.62,36.93,20.6
54812,齐河,山东,116.75,36.78,24.7
54814,茌平,山东,116.25,36.53,29.7
54815,东阿,山东,116.27,36.38,31.4
54816,长清,山东,116.8,36.52,98.9
54817,台前,河南,115.87,35.98,42.1
54818,平阴,山东,116.42,36.25,79.9
54819,肥城,山东,116.8,36.18,113.6
54820,邱县,河北,115.17,36.82,39.0
54821,济阳,山东,117.2,37.0,20.4
54822,邹平,山东,117.73,36.87,47.4
54823,济南,山东,117.0,36.6,170.3
54824,淄川,山东,117.95,36.63,95.0
54825,博山,山东,117.85,36.52,189.7
54826,泰山,山东,117.1,36.25,1533.7
54827,泰安,山东,117.15,36.17,128.6
54828,莱芜,山东,117.68,36.23,229.3
54829,周村,山东,117.87,36.77,85.7
54830,淄博,山东,117.93,36.82,34.4
54831,青州,山东,118.5,36.65,102.5
54832,寿光,山东,118.73,36.88,23.4
54833,桓台,山东,118.08,36.97,15.1
54834,临淄,山东,118.28,36.87,46.3
54835,临朐,山东,118.55,36.5,149.5
54836,沂源,山东,118.17,36.18,305.1
54837,昌乐,山东,118.83,36.68,78.8
54841,昌邑,山东,119.42,36.87,23.5
54842,平度,山东,119.95,36.77,62.2
54843,潍坊,山东,119.2,36.75,22.2
54844,安丘,山东,119.18,36.42,62.7
54846,高密,山东,119.75,36.38,51.5
54848,诸城,山东,119.48,35.97,109.0
54849,胶州,山东,120.03,36.22,84.4
54851,莱西,山东,120.57,36.9,76.9
54852,莱阳,山东,120.72,36.97,41.6
54853,崂山,山东,120.42,36.17,54.0
54855,即墨,山东,120.47,36.38,47.8
54857,青岛,山东,120.33,36.07,76.0
54861,乳山,山东,121.53,36.93,45.4
54863,海阳,山东,121.18,36.78,40.9
54871,石岛,山东,122.48,36.93,9.8
54900,濮阳,河南,115.02,35.7,53.7
54901,南乐,河南,115.17,36.08,47.5
54902,清丰,河南,115.12,35.9,49.3
54903,范县,河南,115.48,35.85,46.0
54904,鄄城,山东,115.52,35.58,50.1
54905,郓城,山东,115.93,35.58,46.2
54906,菏泽,山东,115.42,35.25,50.7
54907,鱼台,山东,116.65,34.98,34.3
54908,东明,山东,115.1,35.27,57.3
54909,定陶,山东,115.52,35.08,51.5
54910,梁山,山东,116.05,35.82,40.9
54911,东平,山东,116.45,35.93,44.0
54912,汶上,山东,116.5,35.77,41.8
54913,宁阳,山东,116.82,35.75,62.2
54914,巨野,山东,116.08,35.42,40.6
54915,济宁,山东,116.6,35.43,33.3
54916,兖州,山东,116.85,35.57,51.7
54917,金乡,山东,116.32,35.1,35.8
54918,曲阜,山东,116.97,35.6,62.3
54919,邹城,山东,116.98,35.42,88.7
54920,泗水,山东,117.28,35.65,110.4
54921,嘉祥,山东,116.33,35.42,38.1
54922,新泰,山东,117.78,35.88,206.0
54923,蒙阴,山东,117.93,35.72,202.2
54925,平邑,山东,117.63,35.52,161.2
54927,滕州,山东,117.2,35.1,74.9
54929,费县,山东,117.97,35.27,121.2
54932,沂水,山东,118.65,35.77,186.7
54935,沂南,山东,118.43,35.53,119.4
54936,莒县,山东,118.83,35.57,107.4
54938,临沂,山东,118.4,35.05,124.0
54939,莒南,山东,118.82,35.17,113.8
54940,五莲,山东,119.2,35.75,148.2
54943,黄岛,山东,120.0,35.88,10.4
54945,日照,山东,119.53,35.43,64.4
55228,狮泉河,西藏,80.08,32.5,4278.6
55248,改则,西藏,84.42,32.15,4414.9
55279,班戈,西藏,90.02,31.38,4700.0
55294,安多,西藏,91.1,32.35,4800.0
55299,那曲,西藏,92.07,31.48,4507.0
55437,普兰,西藏,81.25,30.28,3900.0
55472,申扎,西藏,88.63,30.95,4672.0
55493,当雄,西藏,91.1,30.48,4200.0
55569,拉孜,西藏,87.6,29.08,4000.0
55572,南木林,西藏,89.1,29.68,4000.0
55578,日喀则,西藏,88.88,29.25,3836.0
55585,尼木,西藏,90.17,29.43,3807.3
55589,贡嘎,西藏,90.98,29.3,3555.3
55591,拉萨,西藏,91.13,29.67,3648.9
55593,墨竹工卡,西藏,91.73,29.85,3804.3
55597,琼结,西藏,91.68,29.03,3740.0
55598,泽当,西藏,91.77,29.25,3560.0
55655,聂拉木,西藏,85.97,28.18,3810.0
55664,定日,西藏,87.08,28.63,4300.0
55680,江孜,西藏,89.6,28.92,4040.0
55681,浪卡子,西藏,90.4,28.97,4431.7
55690,错那,西藏,91.95,27.98,4280.3
55696,隆子,西藏,92.47,28.42,3860.0
55773,帕里,西藏,89.08,27.73,4300.0
56004,沱沱河,青海,92.43,34.22,4533.1
56016,治多,青海,95.62,33.85,4179.1
56018,杂多,青海,95.28,32.88,4066.4
56021,曲麻莱,青海,95.8,34.12,4175.0
56029,玉树,青海,97.0,33.0,3716.9
56033,玛多,青海,98.22,34.92,4272.3
56034,清水河,青海,97.13,33.8,4415.4
56038,石渠,四川,98.1,32.98,4200.0
56043,玛沁,青海,100.23,34.48,3719.0
56045,甘德,青海,99.9,33.97,4050.0
56046,达日,青海,99.65,33.75,3967.5
56065,河南,青海,101.6,34.73,3500.0
56067,久治,青海,101.48,33.43,3628.5
56071,碌曲,甘肃,102.5,34.58,3190.6
56074,玛曲,甘肃,102.08,34.0,3471.4
56079,若尔盖,四川,102.97,33.58,3441.4
56080,合作,甘肃,102.9,35.0,2909.4
56081,临潭,甘肃,103.35,34.7,2810.2
56082,卓尼,甘肃,103.5,34.58,2592.1
56084,迭部,甘肃,103.23,34.07,2374.2
56091,漳县,甘肃,104.47,34.85,1883.3
56092,陇西,甘肃,104.65,35.0,1728.2
56093,岷县,甘肃,104.02,34.43,2315.0
56094,舟曲,甘肃,104.37,33.78,1329.3
56095,宕昌,甘肃,104.38,34.03,1753.2
56096,武都,甘肃,104.92,33.4,1079.1
56097,九寨沟,四川,104.23,33.27,1440.5
56106,索县,西藏,93.78,31.88,4022.8
56109,比如,西藏,93.78,31.48,3940.0
56116,丁青,西藏,95.6,31.42,3873.1
56125,囊谦,青海,96.47,32.2,3643.7
56128,类乌齐,西藏,96.6,31.22,3810.0
56137,昌都,西藏,97.17,31.15,3315.0
56144,德格,四川,98.58,31.8,3184.0
56146,甘孜,四川,100.0,31.62,3393.5
56147,白玉,四川,98.83,31.22,3260.0
56151,班玛,青海,100.75,32.93,3530.0
56152,色达,四川,100.33,32.28,3893.9
56158,炉霍,四川,100.67,31.4,3250.0
56164,壤塘,四川,100.98,32.27,3292.9
56167,道孚,四川,101.12,30.97,3008.6
56168,金川,四川,102.07,31.48,2168.9
56171,阿坝,四川,101.7,32.9,3275.1
56172,马尔康,四川,102.23,31.9,2664.4
56173,红原,四川,102.55,32.8,3491.6
56178,小金,四川,102.35,31.0,2438.0
56180,茂县,四川,103.85,31.68,1590.1
56181,崇州,四川,103.7,30.68,541.7
56182,松潘,四川,103.57,32.65,2881.3
56183,汶川,四川,103.58,31.47,1370.1
56184,理县,四川,103.17,31.43,1896.7
56185,黑水,四川,102.98,32.08,2400.1
56186,绵竹,四川,104.2,31.33,589.0
56187,温江,四川,103.87,30.75,547.7
56188,都江堰,四川,103.67,31.0,689.1
56189,彭州,四川,103.93,30.98,581.7
56190,安州,四川,104.55,31.55,519.4
56192,文县,甘肃,104.67,32.95,1014.3
56193,平武,四川,104.52,32.42,893.2
56194,北川,四川,104.45,31.63,597.2
56195,江油,四川,104.73,31.8,543.1
56196,绵阳,四川,104.73,31.45,522.7
56197,什邡,四川,104.17,31.15,535.7
56198,德阳,四川,104.5,31.32,525.7
56199,中江,四川,104.68,31.03,459.6
56202,嘉黎,西藏,93.28,30.67,4488.8
56223,洛隆,西藏,95.83,30.75,3640.0
56227,波密,西藏,95.77,29.87,2736.0
56228,八宿,西藏,96.92,30.05,3454.0
56247,巴塘,四川,99.1,30.0,2589.2
56251,新龙,四川,100.32,30.93,3000.0
56257,理塘,四川,100.27,30.0,3948.9
56263,丹巴,四川,101.88,30.88,1949.7
56267,雅江,四川,101.02,30.03,2600.9
56272,郫都,四川,103.88,30.82,558.5
56273,宝兴,四川,102.82,30.38,1022.0
56276,新津,四川,103.82,30.45,467.0
56278,天全,四川,102.78,30.07,818.7
56279,芦山,四川,102.93,30.15,744.1
56280,名山,四川,103.12,30.08,691.3
56281,蒲江,四川,103.48,30.2,578.4
56284,邛崃,四川,103.48,30.42,518.5
56285,大邑,四川,103.52,30.6,544.7
56286,龙泉驿,四川,104.25,30.55,505.3
56287,雅安,四川,103.0,29.98,627.6
56288,双流,四川,103.92,30.58,494.6
56289,彭山,四川,103.87,30.2,437.0
56290,新都,四川,104.18,30.78,514.5
56291,广汉,四川,104.3,30.97,468.0
56295,简阳,四川,104.55,30.38,448.5
56296,金堂,四川,104.43,30.85,493.5
56297,仁寿,四川,104.15,30.02,435.4
56298,资阳,四川,104.6,30.13,417.0
56307,加查,西藏,92.58,29.15,3260.0
56312,林芝,西藏,94.33,29.67,2991.8
56317,米林,西藏,94.22,29.22,2950.0
56319,墨脱,西藏,95.33,29.34,952.0
56331,左贡,西藏,97.83,29.67,3780.0
56342,芒康,西藏,98.6,29.68,3846.0
56357,稻城,四川,100.3,29.05,3727.7
56371,泸定,四川,102.23,29.92,1403.2
56373,荥经,四川,102.85,29.78,797.5
56374,康定,四川,101.97,30.05,2615.7
56376,汉源,四川,102.63,29.35,1098.0
56378,石棉,四川,102.35,29.23,890.7
56380,洪雅,四川,103.35,29.88,571.2
56381,丹棱,四川,103.52,30.02,630.2
56382,夹江,四川,103.6,29.73,475.0
56383,青神,四川,103.87,29.83,455.2
56384,峨眉,四川,103.48,29.6,423.5
56385,峨眉山,四川,103.33,29.52,3069.9
56386,乐山,四川,103.75,29.57,424.2
56387,峨边,四川,103.27,29.23,642.2
56388,五通桥,四川,103.82,29.41,421.0
56389,犍为,四川,103.95,29.2,387.6
56390,井研,四川,104.07,29.67,404.4
56391,眉山,四川,103.82,30.08,415.4
56393,资中,四川,104.85,29.77,369.4
56394,荣县,四川,104.43,29.45,384.1
56395,威远,四川,104.67,29.52,351.1
56396,自贡,四川,104.77,29.35,352.6
56399,富顺,四川,104.98,29.18,306.2
56434,察隅,西藏,97.47,28.65,2366.0
56441,得荣,四川,99.28,28.72,2422.9
56443,乡城,四川,99.8,28.93,2842.0
56444,德钦,云南,98.92,28.48,3319.0
56449,朱张,云南,99.73,28.02,3554.2
56459,木里,四川,101.27,27.93,2426.5
56462,九龙,四川,101.5,29.0,2925.0
56473,甘洛,四川,102.77,28.95,1060.3
56474,冕宁,四川,102.17,28.55,1774.0
56475,越西,四川,102.52,28.65,1659.5
56478,喜德,四川,102.43,28.3,1818.1
56479,昭觉,四川,102.85,28.0,2132.4
56480,马边,四川,103.53,28.82,564.1
56483,绥江,云南,103.95,28.6,496.6
56485,雷波,四川,103.58,28.27,1255.8
56487,美姑,四川,103.13,28.33,1943.9
56489,永善,云南,103.63,28.23,975.6
56490,沐川,四川,103.9,28.95,424.0
56491,宜宾县,四川,104.57,28.7,287.0
56492,宜宾,四川,104.6,28.77,502.8
56493,南溪,四川,104.97,28.85,292.8
56494,屏山,四川,104.15,28.65,386.5
56496,兴文,四川,105.23,28.32,367.0
56497,盐津,云南,104.23,28.1,448.8
56498,筠连,四川,104.5,28.15,549.0
56499,珙县,四川,104.78,28.38,368.2
56533,贡山,云南,98.67,27.75,1583.3
56543,香格里拉,云南,99.7,27.83,3341.5
56548,维西,云南,99.28,27.17,2326.1
56565,盐源,四川,101.52,27.43,2516.8
56567,宁蒗,云南,100.85,27.3,2367.2
56569,德昌,四川,102.18,27.42,1380.0
56571,西昌,四川,102.27,27.9,1590.9
56575,普格,四川,102.55,27.37,1530.7
56578,宁南,四川,102.75,27.07,993.6
56580,布拖,四川,102.8,27.72,2460.0
56582,大关,云南,103.9,27.75,1176.2
56584,金阳,四川,103.25,27.7,1093.0
56585,鲁甸,云南,103.53,27.18,1952.2
56586,昭通,云南,103.72,27.35,1949.5
56592,高县,四川,104.5,28.43,378.1
56593,长宁,四川,104.92,28.58,279.1
56594,彝良,云南,104.05,27.63,1035.0
56595,镇雄,云南,104.87,27.42,1645.2
56596,威信,云南,105.05,27.85,1177.2
56598,赫章,贵州,104.73,27.13,1535.1
56641,福贡,云南,98.87,26.9,1189.7
56643,泸水,云南,98.85,25.87,949.9
56645,兰坪,云南,99.42,26.42,2344.9
56646,剑川,云南,99.92,26.53,2191.4
56649,洱源,云南,99.97,26.1,2059.9
56651,丽江,云南,100.22,26.85,2380.9
56652,永胜,云南,100.75,26.68,2130.5
56654,鹤庆,云南,100.18,26.58,2195.4
56664,华坪,云南,101.27,26.63,1230.8
56665,盐边,四川,101.85,26.68,1140.3
56666,攀枝花,四川,101.72,26.58,1224.8
56669,永仁,云南,101.67,26.05,1589.4
56670,米易,四川,102.12,26.9,1136.9
56671,会理,四川,102.25,26.65,1787.3
56673,巧家,云南,102.92,26.92,893.9
56674,仁和,四川,101.75,26.5,1280.6
56675,会东,四川,102.58,26.65,1694.5
56684,会泽,云南,103.28,26.42,2188.3
56688,东川,云南,103.17,26.1,1263.8
56691,威宁,贵州,104.28,26.87,2237.5
56693,水城,贵州,104.87,26.58,1815.9
56697,宣威,云南,104.08,26.22,1984.2
56739,腾冲,云南,98.5,25.02,1695.9
56742,云龙,云南,99.37,25.9,1723.9
56745,漾濞,云南,99.95,25.68,1626.1
56746,永平,云南,99.52,25.47,1616.7
56748,保山,云南,99.18,25.12,1652.2
56751,大理,云南,100.18,25.7,1977.7
56752,宾川,云南,100.57,25.83,1438.7
56755,弥渡,云南,100.48,25.35,1711.7
56756,祥云,云南,100.58,25.48,1992.9
56757,巍山,云南,100.28,25.27,1742.1
56761,大姚,云南,101.32,25.72,1878.1
56763,元谋,云南,101.87,25.73,1120.6
56764,姚安,云南,101.23,25.53,1873.5
56766,牟定,云南,101.52,25.33,1822.0
56767,南华,云南,101.28,25.18,1905.4
56768,楚雄,云南,101.55,25.03,1824.1
56772,富民,云南,102.5,25.23,1692.7
56774,武定,云南,102.42,25.53,1799.1
56775,禄劝,云南,102.45,25.55,1750.9
56777,禄丰,云南,102.07,25.15,1671.4
56778,昆明,云南,102.65,25.0,1888.1
56781,寻甸,云南,103.27,25.55,1865.8
56782,马龙,云南,103.55,25.42,2067.1
56783,曲靖,云南,103.8,25.5,1906.2
56785,嵩明,云南,103.03,25.33,1915.7
56786,沾益,云南,103.83,25.58,1891.5
56788,陆良,云南,103.67,25.03,1857.6
56790,富源,云南,104.25,25.68,1925.8
56792,普安,贵州,104.97,25.78,1649.4
56793,盘县,贵州,104.47,25.72,1800.0
56835,陇川,云南,97.82,24.07,990.8
56836,盈江,云南,97.95,24.7,826.7
56838,瑞丽,云南,97.85,24.0,762.9
56839,镇康,云南,98.82,23.77,1053.8
56840,梁河,云南,98.3,24.82,1124.8
56841,龙陵,云南,98.7,24.62,1630.6
56842,施甸,云南,99.18,24.73,1471.2
56843,昌宁,云南,99.62,24.83,1650.6
56844,芒市,云南,98.58,24.43,913.8
56846,凤庆,云南,99.93,24.58,1569.0
56849,永德,云南,99.23,24.03,1606.2
56851,南涧,云南,100.52,25.03,1377.2
56854,云县,云南,100.13,24.45,1108.6
56856,景东,云南,100.87,24.47,1162.3
56862,双柏,云南,101.6,24.68,1968.1
56863,安宁,云南,102.48,24.93,1893.4
56867,镇沅,云南,101.12,23.98,1105.4
56869,新平,云南,101.97,24.07,1497.5
56870,易门,云南,102.17,24.67,1600.9
56871,晋宁,云南,102.6,24.65,1979.2
56872,太华山,云南,102.62,24.95,2358.3
56873,澄江,云南,102.92,24.68,1796.3
56875,玉溪,云南,102.55,24.33,1716.9
56876,江川,云南,102.77,24.28,1731.1
56878,通海,云南,102.75,24.13,1801.8
56879,华宁,云南,102.92,24.2,1702.6
56880,宜良,云南,103.13,24.9,1639.5
56881,石林,云南,103.27,24.75,1695.8
56882,呈贡,云南,102.8,24.88,1976.6
56883,师宗,云南,103.98,24.83,1900.9
56885,弥勒,云南,103.45,24.4,1415.5
56886,泸西,云南,103.77,24.53,1704.3
56889,丘北,云南,104.17,24.05,1518.7
56891,罗平,云南,104.32,24.98,1482.7
56898,峨山,云南,102.4,24.18,1600.0
56944,沧源,云南,99.27,23.15,1278.3
56946,耿马,云南,99.4,23.55,1104.9
56948,西盟,云南,99.63,22.65,1245.4
56949,孟连,云南,99.6,22.32,1079.9
56950,双江,云南,99.8,23.47,1044.1
56951,临沧,云南,100.08,23.88,1502.4
56952,景谷,云南,100.7,23.5,979.2
56954,澜沧,云南,99.93,22.57,1054.8
56958,勐海,云南,100.42,21.92,1222.8
56959,景洪,云南,100.78,22.0,582.0
56961,宁洱,云南,101.05,23.03,1336.9
56962,墨江,云南,101.67,23.45,1366.0
56964,思茅,云南,100.97,22.78,1302.1
56966,元江,云南,101.98,23.6,506.8
56969,勐腊,云南,101.57,21.48,633.4
56970,石屏,云南,102.48,23.7,1419.3
56973,建水,云南,102.83,23.62,1309.3
56975,红河,云南,102.43,23.37,974.5
56976,元阳,云南,102.83,23.23,312.3
56977,江城,云南,101.85,22.6,1269.8
56978,绿春,云南,102.42,23.0,1642.8
56982,开远,云南,103.25,23.7,1117.0
56984,个旧,云南,103.15,23.38,1720.5
56985,蒙自,云南,103.38,23.38,1313.6
56986,屏边,云南,103.68,22.98,1414.1
56987,金平,云南,103.23,22.78,1260.0
56989,河口,云南,103.95,22.5,137.8
56991,砚山,云南,104.33,23.62,1561.1
56992,西畴,云南,104.7,23.45,1507.5
56994,文山,云南,104.25,23.38,1293.5
56995,马关,云南,104.42,23.03,1332.9
56996,麻栗坡,云南,104.7,23.13,1093.4
57001,甘谷,甘肃,105.33,34.75,1271.9
57002,秦安,甘肃,105.65,34.85,1216.1
57003,陇县,陕西,106.83,34.9,924.2
57004,武山,甘肃,104.88,34.73,1495.4
57006,天水,甘肃,105.75,34.58,1149.8
57007,礼县,甘肃,105.18,34.18,1383.9
57008,西和,甘肃,105.3,34.03,1579.0
57011,清水,甘肃,106.15,34.75,1378.2
57012,张家川,甘肃,106.2,34.98,1664.5
57014,麦积,甘肃,105.87,34.57,1085.2
57016,宝鸡,陕西,107.13,34.35,612.4
57020,陈仓,陕西,107.4,34.37,563.0
57021,千阳,陕西,107.13,34.65,751.6
57022,麟游,陕西,107.78,34.68,1026.3
57023,彬县,陕西,108.1,35.03,919.9
57024,岐山,陕西,107.65,34.45,669.6
57025,凤翔,陕西,107.38,34.52,781.1
57026,扶风,陕西,107.88,34.37,585.9
57027,眉县,陕西,107.73,34.27,490.8
57028,太白,陕西,107.32,34.03,1576.0
57029,礼泉,陕西,108.48,34.5,542.6
57030,永寿,陕西,108.15,34.7,994.6
57031,淳化,陕西,108.55,34.82,1012.7
57032,周至,陕西,108.2,34.13,436.0
57033,泾阳,陕西,108.82,34.55,428.1
57034,武功,陕西,108.22,34.25,471.0
57035,乾县,陕西,108.23,34.55,636.8
57036,西安,陕西,108.93,34.3,397.0
57037,铜川,陕西,108.97,34.93,723.3
57038,兴平,陕西,108.45,34.28,410.9
57039,长安,陕西,108.88,34.08,445.0
57040,高陵,陕西,109.08,34.52,385.0
57041,三原,陕西,108.92,34.63,424.0
57042,富平,陕西,109.18,34.78,470.9
57043,大荔,陕西,109.97,34.8,351.4
57044,临潼,陕西,109.23,34.4,424.5
57045,渭南,陕西,109.48,34.52,640.8
57046,华山,陕西,110.08,34.48,2064.9
57047,蓝田,陕西,109.32,34.17,540.2
57048,咸阳,陕西,108.72,34.4,472.8
57049,华州,陕西,109.73,34.52,341.5
57051,三门峡,河南,111.2,34.8,575.6
57052,永济,山西,110.45,34.88,354.1
57053,芮城,山西,110.72,34.7,505.7
57054,潼关,陕西,110.25,34.57,542.2
57055,华阴,陕西,110.08,34.55,342.1
57056,灵宝,河南,110.88,34.53,484.5
57057,洛南,陕西,110.15,34.1,963.4
57060,夏县,山西,111.23,35.17,402.9
57061,平陆,山西,111.2,34.83,410.7
57063,渑池,河南,111.77,34.77,523.6
57065,宜阳,河南,112.18,34.5,317.5
57066,洛宁,河南,111.67,34.38,408.2
57067,卢氏,河南,111.03,34.05,658.5
57070,新安,河南,112.12,34.73,364.0
57071,孟津,河南,112.43,34.82,329.1
57072,孟州,河南,112.75,34.92,127.5
57074,伊川,河南,112.4,34.42,252.2
57075,汝州,河南,112.87,34.17,203.1
57076,偃师,河南,112.78,34.73,189.5
57077,栾川,河南,111.65,33.78,742.4
57078,汝阳,河南,112.47,34.15,336.5
57079,温县,河南,113.03,34.95,106.4
57080,巩义,河南,112.97,34.73,165.2
57081,荥阳,河南,113.43,34.8,140.9
57082,登封,河南,113.02,34.47,427.1
57083,郑州,河南,113.65,34.72,110.4
57084,嵩山,河南,113.05,34.5,1178.4
57085,新密,河南,113.33,34.53,259.9
57086,新郑,河南,113.72,34.38,116.6
57087,长葛,河南,113.8,34.2,104.1
57088,禹州,河南,113.5,34.15,146.0
57089,许昌,河南,113.87,34.03,67.2
57090,中牟,河南,113.97,34.72,78.1
57091,开封,河南,114.3,34.78,73.7
57093,兰考,河南,114.82,34.85,73.3
57094,尉氏,河南,114.22,34.4,67.4
57095,鄢陵,河南,114.15,34.12,61.1
57096,杞县,河南,114.78,34.53,59.7
57098,扶沟,河南,114.4,34.08,58.3
57099,太康,河南,114.85,34.07,52.6
57102,成县,甘肃,105.72,33.75,970.0
57105,康县,甘肃,105.6,33.33,1221.2
57106,略阳,陕西,106.15,33.32,794.2
57110,徽县,甘肃,106.08,33.78,1003.3
57111,两当,甘肃,106.3,33.92,961.4
57113,凤县,陕西,106.53,33.9,984.0
57119,勉县,陕西,106.7,33.17,548.1
57123,杨凌,陕西,108.07,34.28,506.0
57124,留坝,陕西,106.93,33.63,1039.1
57126,洋县,陕西,107.55,33.22,468.6
57127,汉中,陕西,107.03,33.07,509.5
57128,城固,陕西,107.33,33.17,486.4
57129,西乡,陕西,107.72,32.98,446.0
57131,泾河,陕西,108.97,34.43,410.0
57132,户县,陕西,108.62,34.12,411.0
57134,佛坪,陕西,107.98,33.52,827.2
57137,宁陕,陕西,108.32,33.32,802.4
57140,柞水,陕西,109.12,33.67,818.2
57143,商州,陕西,109.97,33.85,747.2
57144,镇安,陕西,109.15,33.43,693.7
57153,丹凤,陕西,110.33,33.68,639.0
57154,商南,陕西,110.9,33.53,523.0
57155,山阳,陕西,109.87,33.55,813.2
57156,西峡,河南,111.5,33.3,250.3
57162,嵩县,河南,112.08,34.15,440.7
57169,内乡,河南,111.87,33.05,221.2
57173,鲁山,河南,112.88,33.75,145.7
57175,镇平,河南,112.23,33.05,239.7
57176,南召,河南,112.42,33.48,231.1
57177,舞钢,河南,113.53,33.33,89.8
57178,南阳,河南,112.58,33.03,180.6
57179,方城,河南,113.0,33.28,160.4
57180,郏县,河南,113.2,33.98,117.5
57181,宝丰,河南,113.05,33.88,136.4
57182,襄城,河南,113.5,33.85,80.4
57183,临颍,河南,113.92,33.8,60.0
57184,叶县,河南,113.37,33.63,97.5
57185,舞阳,河南,113.58,33.45,91.1
57186,漯河,河南,114.05,33.6,58.7
57187,社旗,河南,112.93,33.07,116.8
57188,西平,河南,114.03,33.37,55.9
57189,遂平,河南,113.95,33.13,64.6
57190,黄泛区农试站,河南,114.4,33.75,50.5
57191,通许,河南,114.48,34.48,64.2
57192,淮阳,河南,114.88,33.7,44.3
57193,西华,河南,114.52,33.78,52.6
57194,上蔡,河南,114.27,33.28,53.4
57195,周口,河南,114.62,33.62,46.6
57196,项城,河南,114.87,33.47,43.6
57197,汝南,河南,114.33,33.0,50.1
57198,商水,河南,114.62,33.55,44.6
57204,青川,四川,105.23,32.58,782.0
57206,广元,四川,105.85,32.43,545.4
57208,剑阁,四川,105.47,32.02,544.5
57211,宁强,陕西,106.25,32.83,836.1
57213,南郑,陕西,106.93,33.0,536.5
57216,南江,四川,106.83,32.35,579.3
57217,旺苍,四川,106.28,32.23,485.7
57231,紫阳,陕西,108.53,32.53,503.8
57232,石泉,陕西,108.27,33.05,484.9
57233,汉阴,陕西,108.5,32.9,380.3
57237,万源,四川,108.03,32.07,674.0
57238,镇巴,陕西,107.9,32.53,892.2
57242,旬阳,陕西,109.37,32.85,285.5
57245,安康,陕西,109.03,32.72,290.8
57247,岚皋,陕西,108.9,32.32,438.5
57248,平利,陕西,109.33,32.4,570.3
57249,竹溪,湖北,109.68,32.32,448.2
57251,郧西,湖北,110.42,33.0,317.3
57253,郧阳区,湖北,110.82,32.85,244.8
57254,白河,陕西,110.12,32.82,322.5
57256,十堰,湖北,110.78,32.65,286.5
57257,竹山,湖北,110.23,32.23,307.0
57259,房县,湖北,110.77,32.03,426.9
57260,丹江口,湖北,111.52,32.57,133.4
57261,淅川,河南,111.52,33.12,248.4
57265,老河口,湖北,111.67,32.38,132.1
57268,谷城,湖北,111.63,32.27,120.0
57271,新野,河南,112.38,32.55,87.7
57273,唐河,河南,112.85,32.68,96.8
57274,邓州,河南,112.12,32.7,120.0
57278,襄阳,湖北,112.17,32.03,163.4
57279,枣阳,湖北,112.75,32.15,125.5
57281,泌阳,河南,113.3,32.68,160.8
57285,桐柏,河南,113.42,32.38,153.0
57290,驻马店,河南,114.02,33.0,106.2
57292,平舆,河南,114.63,32.97,44.9
57293,新蔡,河南,114.98,32.73,38.0
57294,确山,河南,114.02,32.83,113.7
57295,正阳,河南,114.33,32.62,85.0
57296,息县,河南,114.67,32.35,34.2
57297,信阳,河南,114.05,32.13,114.5
57298,罗山,河南,114.55,32.22,55.4
57299,光山,河南,114.9,32.02,49.4
57303,苍溪,四川,105.92,31.73,459.9
57304,梓潼,四川,105.17,31.67,516.5
57306,阆中,四川,105.97,31.58,382.6
57307,三台,四川,105.08,31.1,459.9
57308,盐亭,四川,105.38,31.22,421.3
57309,西充,四川,105.88,30.98,378.4
57313,巴中,四川,106.77,31.87,556.7
57314,南部,四川,106.07,31.35,405.7
57315,仪陇,四川,106.4,31.53,655.7
57317,蓬安,四川,106.42,31.03,324.9
57318,营山,四川,106.55,31.07,406.2
57320,通江,四川,107.22,31.93,482.4
57324,平昌,四川,107.08,31.58,364.2
57326,宣汉,四川,107.72,31.37,389.4
57328,达川,四川,107.5,31.2,344.9
57329,开江,四川,107.85,31.1,467.5
57333,城口,重庆,108.67,31.95,798.2
57338,开县,重庆,108.42,31.18,216.5
57339,云阳,重庆,108.68,30.95,297.2
57343,镇坪,陕西,109.53,31.9,995.8
57345,巫溪,重庆,109.62,31.4,337.8
57348,奉节,重庆,109.53,31.02,299.8
57349,巫山,重庆,109.87,31.07,606.8
57355,巴东,湖北,110.37,31.03,337.5
57358,秭归,湖北,110.97,30.83,295.5
57359,兴山,湖北,110.73,31.35,336.8
57361,保康,湖北,111.27,31.88,327.7
57362,神农架,湖北,110.67,31.75,935.2
57363,南漳,湖北,111.83,31.8,151.0
57368,远安,湖北,111.63,31.05,141.5
57370,宜城,湖北,112.22,31.73,67.8
57377,荆门,湖北,112.22,31.0,191.9
57378,钟祥,湖北,112.57,31.17,108.0
57381,随州,湖北,113.33,31.62,106.5
57385,广水,湖北,113.87,31.63,116.3
57386,孝昌,湖北,114.0,31.25,51.6
57387,京山,湖北,113.13,31.0,84.6
57388,安陆,湖北,113.7,31.27,53.7
57389,云梦,湖北,113.75,31.03,32.2
57390,鸡公山,河南,114.07,31.8,733.5
57395,大悟,湖北,114.12,31.57,120.0
57396,新县,河南,114.85,31.63,128.7
57398,红安,湖北,114.62,31.28,74.3
57399,麻城,湖北,115.02,31.18,74.3
57401,射洪,四川,105.37,30.87,383.3
57402,蓬溪,四川,105.7,30.77,394.5
57403,大英,四川,105.23,30.59,354.0
57405,遂宁,四川,105.55,30.5,355.0
57407,乐至,四川,105.03,30.28,462.6
57408,安岳,四川,105.35,30.12,383.6
57409,潼南,重庆,105.78,30.22,331.7
57411,南充,四川,106.1,30.78,347.0
57413,渠县,四川,106.97,30.85,295.1
57414,岳池,四川,106.45,30.55,403.7
57415,广安,四川,106.63,30.47,394.5
57416,邻水,四川,106.93,30.33,391.5
57417,武胜,四川,106.28,30.35,315.9
57420,大竹,四川,107.18,30.75,418.0
57425,垫江,重庆,107.33,30.33,416.1
57426,梁平,重庆,107.8,30.68,454.5
57431,天城,重庆,108.35,30.83,257.0
57432,万州,重庆,108.4,30.77,186.7
57437,忠县,重庆,108.03,30.3,325.6
57438,石柱,重庆,108.12,29.98,632.3
57439,利川,湖北,108.93,30.28,1074.1
57445,建始,湖北,109.72,30.6,609.2
57447,恩施,湖北,109.47,30.28,454.4
57453,夷陵区,湖北,111.42,30.77,188.1
57458,五峰,湖北,110.07,30.15,243.2
57460,当阳,湖北,111.78,30.82,91.8
57461,宜昌,湖北,111.3,30.7,256.5
57462,三峡,湖北,111.08,30.87,139.0
57464,长阳,湖北,111.18,30.47,177.9
57465,宜都,湖北,111.45,30.38,120.1
57466,枝江,湖北,111.75,30.43,66.4
57469,松滋,湖北,111.77,30.18,69.5
57475,潜江,湖北,112.9,30.4,31.2
57476,荆州,湖北,112.15,30.35,31.8
57477,公安,湖北,112.22,30.07,38.4
57481,应城,湖北,113.57,30.95,30.4
57482,孝感,湖北,113.95,30.9,25.5
57483,天门,湖北,113.13,30.67,31.9
57484,沙洋,湖北,112.55,30.74,57.2
57485,仙桃,湖北,113.45,30.37,24.3
57486,汉川,湖北,113.85,30.65,25.0
57489,蔡甸,湖北,114.0,30.58,23.6
57491,黄陂,湖北,114.4,30.87,31.4
57492,新洲,湖北,114.8,30.83,40.7
57493,江夏,湖北,114.33,30.35,73.5
57494,武汉,湖北,114.05,30.6,23.6
57495,团风,湖北,114.88,30.67,28.1
57496,鄂州,湖北,114.87,30.37,35.3
57498,黄冈,湖北,114.9,30.43,26.2
57499,大冶,湖北,114.97,30.1,40.3
57502,大足,重庆,105.7,29.7,541.0
57503,内江,四川,105.12,29.62,349.7
57505,荣昌,重庆,105.58,29.42,338.0
57506,永川,重庆,105.9,29.37,353.0
57507,隆昌,四川,105.3,29.33,385.7
57508,泸县,四川,105.37,29.15,301.0
57509,万盛,重庆,106.93,28.95,599.8
57510,铜梁,重庆,106.05,29.85,326.3
57511,北碚,重庆,106.45,29.85,240.8
57512,合川,重庆,106.28,29.97,364.5
57513,渝北,重庆,106.62,29.73,464.7
57514,璧山,重庆,106.22,29.58,331.5
57516,沙坪坝,重庆,106.47,29.58,259.1
57517,江津,重庆,106.25,29.28,261.4
57518,巴南,重庆,106.5,29.33,506.1
57519,南川,重庆,107.08,29.15,698.8
57520,长寿,重庆,107.07,29.83,377.6
57522,涪陵,重庆,107.42,29.75,372.8
57523,丰都,重庆,107.73,29.85,290.5
57525,武隆,重庆,107.75,29.32,406.9
57536,黔江,重庆,108.78,29.53,786.9
57537,彭水,重庆,108.17,29.3,322.2
57540,咸丰,湖北,109.15,29.68,776.9
57541,宣恩,湖北,109.48,30.0,571.8
57543,鹤峰,湖北,110.03,29.9,539.8
57544,龙山,湖南,109.45,29.47,488.7
57545,来凤,湖北,109.42,29.53,502.8
57554,桑植,湖南,110.17,29.4,322.2
57558,张家界,湖南,110.47,29.13,183.5
57562,石门,湖南,111.37,29.58,116.9
57564,慈利,湖南,111.08,29.43,174.1
57565,澧县,湖南,111.75,29.65,38.1
57566,临澧,湖南,111.65,29.45,89.3
57571,石首,湖北,112.4,29.7,37.4
57573,监利,湖北,112.9,29.88,26.2
57574,南县,湖南,112.4,29.37,40.3
57575,华容,湖南,112.57,29.52,31.0
57577,安乡,湖南,112.17,29.4,36.9
57581,洪湖,湖北,113.45,29.82,27.4
57582,赤壁,湖北,113.88,29.72,46.9
57583,嘉鱼,湖北,113.97,29.92,61.7
57584,岳阳,湖南,113.08,29.38,53.0
57585,临湘,湖南,113.45,29.48,60.4
57586,崇阳,湖北,114.03,29.53,78.5
57589,通城,湖北,113.8,29.25,146.2
57590,咸宁,湖北,114.37,29.85,98.8
57595,通山,湖北,114.5,29.6,99.9
57596,金沙,湖北,114.2,29.63,751.6
57598,修水,江西,114.58,29.03,146.8
57600,江安,四川,105.07,28.72,420.9
57603,合江,四川,105.83,28.82,283.4
57604,纳溪,四川,105.38,28.78,368.8
57605,古蔺,四川,105.82,28.03,537.7
57606,桐梓,贵州,106.83,28.13,972.0
57608,叙永,四川,105.43,28.17,377.5
57609,赤水,贵州,105.72,28.57,354.6
57612,綦江,重庆,106.65,29.0,474.7
57614,习水,贵州,106.22,28.33,1180.2
57623,道真,贵州,107.6,28.88,685.6
57625,正安,贵州,107.45,28.55,816.4
57633,酉阳,重庆,108.77,28.83,826.5
57634,务川,贵州,107.88,28.52,660.3
57635,秀山,重庆,108.98,28.45,548.7
57636,沿河,贵州,108.5,28.57,503.2
57637,德江,贵州,108.12,28.25,629.5
57640,花垣,湖南,109.45,28.58,341.0
57642,保靖,湖南,109.63,28.7,325.3
57643,永顺,湖南,109.83,29.0,268.2
57646,古丈,湖南,109.95,28.62,302.1
57647,松桃,贵州,109.18,28.15,406.1
57649,吉首,湖南,109.73,28.32,254.6
57655,沅陵,湖南,110.4,28.47,151.6
57657,泸溪,湖南,110.2,28.22,186.0
57658,辰溪,湖南,110.2,28.02,152.8
57661,桃源,湖南,111.48,28.92,48.7
57662,常德,湖南,111.68,29.05,150.6
57663,汉寿,湖南,111.95,28.92,31.9
57666,桃江,湖南,112.13,28.52,136.9
57669,安化,湖南,111.22,28.38,128.3
57671,沅江,湖南,112.37,28.85,37.0
57673,湘阴,湖南,112.93,28.73,63.0
57674,益阳,湖南,112.38,28.57,46.3
57678,宁乡,湖南,112.55,28.25,74.7
57679,长沙县,湖南,113.08,28.2,101.4
57680,汨罗,湖南,113.07,28.8,82.5
57682,平江,湖南,113.57,28.72,106.3
57687,长沙市,湖南,112.92,28.22,119.0
57688,浏阳,湖南,113.63,28.15,101.1
57694,铜鼓,江西,114.38,28.53,259.8
57696,宜丰,江西,114.78,28.4,91.7
57698,万载,江西,114.45,28.12,122.5
57699,上高,江西,114.92,28.23,93.4
57707,毕节,贵州,105.28,27.3,1510.6
57708,大方,贵州,105.6,27.15,1721.5
57710,仁怀,贵州,106.4,27.8,890.3
57712,汇川,贵州,106.95,27.73,983.5
57713,遵义,贵州,106.88,27.7,843.0
57714,金沙,贵州,106.23,27.47,942.0
57717,遵义县,贵州,106.83,27.53,974.1
57718,息烽,贵州,106.73,27.1,1112.1
57719,开阳,贵州,106.97,27.07,1294.0
57720,绥阳,贵州,107.17,27.88,889.3
57722,湄潭,贵州,107.47,27.77,807.6
57723,凤冈,贵州,107.72,27.98,710.2
57728,瓮安,贵州,107.47,27.07,1129.6
57729,余庆,贵州,107.88,27.23,622.1
57731,思南,贵州,108.25,27.95,416.8
57732,印江,贵州,108.4,28.02,521.5
57734,石阡,贵州,108.23,27.57,467.5
57735,岑巩,贵州,108.82,27.18,423.0
57736,江口,贵州,108.85,27.7,493.7
57737,施秉,贵州,108.12,27.03,547.3
57738,镇远,贵州,108.42,27.05,516.3
57739,玉屏,贵州,108.88,27.23,394.8
57740,凤凰,湖南,109.6,27.95,349.6
57741,铜仁,贵州,109.18,27.72,353.2
57742,万山,贵州,109.2,27.52,884.3
57743,麻阳,湖南,109.8,27.88,176.6
57744,新晃,湖南,109.17,27.37,355.5
57745,芷江,湖南,109.68,27.45,272.2
57749,怀化,湖南,110.0,27.57,257.8
57752,溆浦,湖南,110.6,27.92,204.0
57754,洪江,湖南,110.15,27.35,252.0
57758,洞口,湖南,110.58,27.07,339.5
57760,冷水江,湖南,111.43,27.7,249.2
57761,新化,湖南,111.3,27.75,211.9
57762,涟源,湖南,111.7,27.68,165.0
57763,娄底,湖南,112.0,27.73,205.8
57766,邵阳市,湖南,111.47,27.23,311.0
57767,隆回,湖南,111.03,27.12,308.4
57768,新邵,湖南,111.45,27.32,242.5
57769,邵东,湖南,111.73,27.23,252.6
57771,韶山,湖南,112.53,27.93,88.3
57772,湘乡,湖南,112.5,27.75,86.9
57773,湘潭,湖南,112.82,27.87,63.8
57774,双峰,湖南,112.17,27.45,100.0
57776,南岳,湖南,112.7,27.3,1265.9
57777,衡山,湖南,112.87,27.23,63.3
57778,衡东,湖南,112.95,27.1,70.3
57779,攸县,湖南,113.35,27.0,115.2
57780,株洲,湖南,113.17,27.87,74.6
57781,醴陵,湖南,113.5,27.65,74.4
57783,上栗,江西,113.82,27.88,118.6
57786,萍乡,江西,113.85,27.63,117.5
57789,莲花,江西,113.95,27.13,194.5
57792,分宜,江西,114.68,27.82,93.7
57793,宜春,江西,114.38,27.8,131.3
57794,芦溪,江西,114.02,27.63,177.2
57796,新余,江西,114.93,27.8,189.3
57798,安福,江西,114.6,27.4,85.9
57799,吉安,江西,114.92,27.05,71.2
57800,纳雍,贵州,105.37,26.77,1457.1
57803,黔西,贵州,106.02,27.03,1231.4
57805,织金,贵州,105.77,26.68,1319.3
57806,安顺,贵州,105.9,26.25,1431.1
57807,六枝,贵州,105.47,26.2,1361.9
57808,普定,贵州,105.75,26.32,1281.8
57809,镇宁,贵州,105.75,26.07,1251.0
57811,修文,贵州,106.6,26.85,1296.7
57813,清镇,贵州,106.47,26.57,1300.0
57814,平坝,贵州,106.27,26.42,1298.2
57816,贵阳,贵州,106.73,26.58,1223.8
57818,长顺,贵州,106.45,26.02,1186.9
57821,福泉,贵州,107.5,26.7,925.0
57822,黄平,贵州,107.9,26.9,825.0
57824,贵定,贵州,107.23,26.58,1001.0
57825,凯里,贵州,107.98,26.6,720.3
57827,都匀,贵州,107.53,26.32,969.1
57828,麻江,贵州,107.58,26.5,983.8
57829,丹寨,贵州,107.8,26.2,963.2
57832,三穗,贵州,108.67,26.97,626.9
57834,台江,贵州,108.3,26.68,641.3
57835,剑河,贵州,108.43,26.72,527.2
57837,雷山,贵州,108.07,26.4,839.0
57839,黎平,贵州,109.15,26.23,568.8
57840,天柱,贵州,109.2,26.9,401.4
57841,靖州,湖南,109.67,26.57,320.3
57842,会同,湖南,109.72,26.88,281.4
57844,锦屏,贵州,109.25,26.52,476.2
57845,通道,湖南,109.78,26.17,397.5
57846,绥宁,湖南,110.15,26.58,310.3
57851,新宁,湖南,110.85,26.45,346.1
57853,武冈,湖南,110.63,26.73,341.0
57857,城步,湖南,110.32,26.37,477.7
57859,资源,广西,110.63,26.03,408.4
57860,邵阳县,湖南,111.28,27.0,283.3
57865,冷水滩,湖南,111.58,26.47,192.8
57866,永州,湖南,111.62,26.23,172.6
57867,东安,湖南,111.28,26.4,169.0
57868,祁阳,湖南,111.87,26.6,113.2
57870,祁东,湖南,112.1,26.8,151.6
57871,衡阳县,湖南,112.37,26.98,90.8
57872,衡阳市,湖南,112.6,26.9,104.9
57874,常宁,湖南,112.4,26.42,116.6
57875,衡南,湖南,112.68,26.75,137.0
57876,耒阳,湖南,112.83,26.43,135.0
57881,安仁,湖南,113.25,26.72,101.8
57882,茶陵,湖南,113.55,26.78,136.2
57883,厦坪,江西,114.28,26.75,253.0
57886,炎陵,湖南,113.78,26.5,268.8
57887,永兴,湖南,113.12,26.13,167.6
57889,桂东,湖南,113.95,26.08,835.9
57891,永新,江西,114.25,26.93,153.0
57894,井冈山,江西,114.17,26.58,843.0
57895,万安,江西,114.78,26.47,101.6
57896,遂川,江西,114.5,26.33,126.1
57899,泰和,江西,114.92,26.8,103.4
57900,晴隆,贵州,105.22,25.83,1552.7
57902,兴仁,贵州,105.18,25.43,1378.5
57903,关岭,贵州,105.6,25.93,1142.0
57905,贞丰,贵州,105.63,25.4,1184.9
57906,望谟,贵州,106.08,25.18,566.8
57907,兴义,贵州,104.9,25.08,1299.6
57908,安龙,贵州,105.48,25.12,1394.5
57909,册亨,贵州,105.82,24.98,584.8
57910,紫云,贵州,106.08,25.77,1197.6
57911,白云,贵州,106.65,26.67,1323.0
57912,惠水,贵州,106.63,26.13,990.9
57913,龙里,贵州,106.98,26.45,1093.7
57914,花溪,贵州,106.67,26.42,1149.0
57915,乌当,贵州,106.77,26.63,1104.0
57916,罗甸,贵州,106.77,25.43,440.3
57921,平塘,贵州,107.32,25.83,821.4
57922,独山,贵州,107.55,25.83,1013.3
57923,三都,贵州,107.87,25.98,452.0
57926,荔波,贵州,107.88,25.42,428.7
57927,天峨,广西,107.18,24.97,287.3
57932,榕江,贵州,108.53,25.97,285.7
57936,从江,贵州,108.92,25.75,258.1
57941,三江,广西,109.6,25.78,197.3
57942,龙胜,广西,110.0,25.8,268.0
57947,融安,广西,109.4,25.22,161.5
57948,融水,广西,109.25,25.12,238.3
57949,永福,广西,110.0,24.98,156.8
57954,临桂,广西,110.18,25.23,222.5
57955,兴安,广西,110.67,25.62,224.0
57956,灵川,广西,110.32,25.42,167.9
57957,桂林,广西,110.3,25.32,164.4
57958,雁山,广西,110.32,25.08,151.3
57960,全州,广西,111.07,25.93,195.6
57962,双牌,湖南,111.65,26.03,205.0
57964,灌阳,广西,111.15,25.5,263.1
57965,道县,湖南,111.6,25.53,192.2
57966,宁远,湖南,111.97,25.6,244.2
57969,江永,湖南,111.33,25.27,269.0
57971,新田,湖南,112.2,25.92,224.2
57972,郴州,湖南,113.03,25.8,368.8
57973,桂阳,湖南,112.72,25.75,329.1
57974,嘉禾,湖南,112.37,25.58,214.5
57975,蓝山,湖南,112.2,25.38,277.0
57976,宜章,湖南,112.95,25.42,222.8
57978,临武,湖南,112.55,25.28,292.0
57981,资兴,湖南,113.22,25.98,139.3
57985,汝城,湖南,113.68,25.52,645.6
57988,乐昌,广东,113.35,25.15,143.2
57989,仁化,广东,113.73,25.1,112.7
57990,崇义,江西,114.3,25.7,280.0
57991,上犹,江西,114.55,25.8,140.2
57992,南康,江西,114.75,25.67,127.0
57993,赣州,江西,115.0,25.87,137.5
57994,大余,江西,114.35,25.4,215.6
57995,信丰,江西,114.93,25.4,204.4
57996,南雄,广东,114.32,25.13,149.7
58001,睢县,河南,115.1,34.43,56.3
58002,曹县,山东,115.58,34.85,49.0
58003,成武,山东,115.88,34.95,45.4
58004,民权,河南,115.15,34.65,60.6
58005,商丘,河南,115.67,34.45,50.8
58006,虞城,河南,115.88,34.38,46.3
58007,柘城,河南,115.3,34.07,45.7
58008,宁陵,河南,115.33,34.47,55.8
58011,单县,山东,116.07,34.8,46.2
58012,丰县,江苏,116.58,34.68,42.0
58013,沛县,江苏,116.9,34.75,36.5
58015,砀山,安徽,116.33,34.45,44.2
58016,萧县,安徽,116.97,34.18,34.7
58017,夏邑,河南,116.13,34.25,42.6
58020,微山,山东,117.13,34.8,35.1
58021,薛城,山东,117.28,34.78,80.5
58022,峄城,山东,117.57,34.75,83.4
58024,枣庄,山东,117.58,34.87,77.7
58025,台儿庄,山东,117.73,34.57,27.6
58026,邳州,江苏,118.02,34.4,25.7
58027,徐州,江苏,117.15,34.28,41.2
58030,兰陵,山东,118.07,34.85,44.5
58032,临沭,山东,118.65,34.93,90.1
58034,郯城,山东,118.32,34.6,36.2
58035,新沂,江苏,118.35,34.33,29.3
58036,东海,江苏,118.73,34.52,32.9
58038,沭阳,江苏,118.78,34.08,10.4
58040,赣榆,江苏,119.13,34.85,5.3
58041,西连岛,江苏,119.43,34.78,26.9
58044,连云港,江苏,119.23,34.53,4.7
58045,响水,江苏,119.6,34.2,4.8
58047,灌云,江苏,119.23,34.3,4.8
58048,灌南,江苏,119.35,34.12,4.2
58049,滨海,江苏,119.82,34.03,4.1
58100,郸城,河南,115.17,33.65,42.4
58101,鹿邑,河南,115.48,33.87,41.3
58102,亳州,安徽,115.77,33.87,39.1
58104,沈丘,河南,115.07,33.4,41.2
58107,临泉,安徽,115.27,32.92,36.2
58108,界首,安徽,115.33,33.23,38.0
58109,太和,安徽,115.62,33.18,31.0
58111,永城,河南,116.42,33.85,32.1
58112,天柱山,安徽,116.45,30.73,968.2
58113,濉溪,安徽,116.75,33.93,32.2
58114,涡阳,安徽,116.18,33.48,31.2
58116,淮北,安徽,116.83,33.98,32.9
58117,利辛,安徽,116.2,33.13,27.9
58118,蒙城,安徽,116.52,33.27,26.0
58122,宿州,安徽,117.08,33.63,25.7
58125,灵璧,安徽,117.55,33.55,22.9
58126,泗县,安徽,117.87,33.47,18.4
58127,怀远,安徽,117.2,32.98,24.5
58128,固镇,安徽,117.3,33.32,21.0
58129,五河,安徽,117.87,33.13,14.9
58130,睢宁,江苏,117.95,33.93,23.8
58131,宿迁,江苏,118.27,33.98,25.0
58132,泗阳,江苏,118.68,33.72,14.5
58135,泗洪,江苏,118.22,33.48,16.9
58138,盱眙,江苏,118.52,32.98,43.1
58139,洪泽,江苏,118.88,33.3,10.6
58140,涟水,江苏,119.3,33.77,9.1
58141,淮安,江苏,119.02,33.63,12.5
58143,阜宁,江苏,119.85,33.8,4.8
58145,楚州,江苏,119.15,33.5,7.4
58146,建湖,江苏,119.77,33.47,3.0
58147,金湖,江苏,118.97,32.98,24.2
58148,宝应,江苏,119.3,33.23,3.3
58150,射阳,江苏,120.25,33.77,1.8
58154,盐城,江苏,120.2,33.43,4.0
58158,大丰,江苏,120.48,33.2,3.1
58202,阜南,安徽,115.58,32.63,31.2
58203,阜阳,安徽,115.73,32.87,32.7
58205,淮滨,河南,115.43,32.47,34.9
58207,潢川,河南,115.05,32.17,42.8
58208,固始,河南,115.62,32.17,42.9
58210,颍上,安徽,116.23,32.65,25.2
58212,凤台,安徽,116.73,32.72,23.0
58214,霍邱,安徽,116.28,32.33,27.9
58215,寿县,安徽,116.78,32.55,25.7
58220,长丰,安徽,117.15,32.47,45.0
58221,蚌埠,安徽,117.4,32.92,26.8
58222,凤阳,安徽,117.55,32.85,24.6
58223,明光,安徽,117.98,32.78,31.4
58224,淮南,安徽,117.02,32.65,71.0
58225,定远,安徽,117.67,32.53,69.6
58230,全椒,安徽,118.28,32.12,26.5
58234,来安,安徽,118.42,32.47,40.4
58235,六合,江苏,118.85,32.37,10.4
58236,滁州,安徽,118.25,32.35,33.5
58237,浦口,江苏,118.62,32.05,46.6
58238,南京,江苏,118.9,31.93,35.2
58240,天长,安徽,119.0,32.73,10.4
58241,高邮,江苏,119.45,32.8,5.4
58242,仪征,江苏,119.18,32.28,22.5
58243,兴化,江苏,119.83,32.93,3.0
58244,江都,江苏,119.58,32.45,5.2
58245,扬州,江苏,119.42,32.42,9.9
58246,泰州,江苏,119.9,32.52,2.6
58247,扬中,江苏,119.82,32.25,3.2
58249,泰兴,江苏,120.0,32.17,6.0
58250,姜堰,江苏,120.15,32.52,6.2
58251,东台,江苏,120.28,32.85,3.3
58252,丹徒,江苏,119.47,32.18,27.3
58254,海安,江苏,120.45,32.52,5.4
58255,如皋,江苏,120.57,32.37,8.0
58257,靖江,江苏,120.25,31.98,9.8
58259,南通,江苏,120.98,32.08,4.8
58264,如东,江苏,121.18,32.33,5.5
58265,吕泗,江苏,121.6,32.07,3.8
58268,通州,江苏,121.08,32.1,4.4
58269,启东,江苏,121.65,31.78,3.3
58301,商城,河南,115.38,31.82,92.1
58306,金寨,安徽,115.88,31.68,95.4
58311,六安,安徽,116.5,31.73,74.1
58314,霍山,安徽,116.32,31.4,86.4
58316,舒城,安徽,116.92,31.47,23.6
58317,岳西,安徽,116.37,30.87,434.2
58319,桐城,安徽,116.95,31.07,85.4
58320,肥西,安徽,117.03,31.6,28.1
58321,合肥,安徽,117.3,31.78,49.8
58323,肥东,安徽,117.47,31.88,18.0
58326,巢湖,安徽,117.83,31.58,30.9
58327,庐江,安徽,117.28,31.25,45.2
58329,无为,安徽,117.87,31.33,9.6
58330,含山,安徽,118.08,31.75,26.0
58331,和县,安徽,118.37,31.73,22.5
58334,芜湖,安徽,118.37,31.38,10.2
58335,当涂,安徽,118.52,31.57,60.0
58336,马鞍山,安徽,118.57,31.7,80.0
58337,繁昌,安徽,118.22,31.05,60.9
58338,芜湖县,安徽,118.58,31.15,40.0
58339,高淳,江苏,118.9,31.33,16.6
58340,溧水,江苏,119.03,31.65,30.4
58341,丹阳,江苏,119.6,31.98,6.6
58342,金坛,江苏,119.55,31.72,5.4
58343,常州,江苏,119.98,31.88,4.4
58344,句容,江苏,119.2,31.97,36.0
58345,溧阳,江苏,119.48,31.43,5.9
58346,宜兴,江苏,119.82,31.33,16.4
58349,苏州,江苏,120.63,31.27,8.0
58351,江阴,江苏,120.3,31.9,4.2
58352,常熟,江苏,120.77,31.65,4.5
58353,张家港,江苏,120.57,31.87,11.5
58354,无锡,江苏,120.35,31.62,3.2
58356,昆山,江苏,121.0,31.4,3.2
58358,东山,江苏,120.43,31.07,16.7
58359,吴江,江苏,120.62,31.13,4.7
58360,海门,江苏,121.2,31.92,3.3
58361,闵行,上海,121.37,31.1,5.5
58362,宝山,上海,121.45,31.4,5.5
58365,嘉定,上海,121.25,31.37,6.5
58366,崇明,上海,121.4,31.63,4.3
58367,徐家汇,上海,121.43,31.2,4.6
58369,南汇,上海,121.78,31.05,5.0
58370,浦东,上海,121.53,31.23,4.4
58377,太仓,江苏,121.1,31.47,5.7
58401,罗田,湖北,115.4,30.75,123.1
58402,英山,湖北,115.67,30.73,123.8
58404,浠水,湖北,115.22,30.47,61.8
58407,黄石,湖北,115.03,30.23,32.2
58408,蕲春,湖北,115.43,30.23,71.7
58409,黄梅,湖北,115.93,30.1,32.0
58414,太湖,安徽,116.3,30.45,105.1
58415,潜山,安徽,116.58,30.63,64.4
58416,怀宁,安徽,116.82,30.75,35.5
58417,宿松,安徽,116.13,30.17,54.7
58418,望江,安徽,116.7,30.13,60.0
58419,东至,安徽,117.02,30.1,115.0
58420,枞阳,安徽,117.23,30.72,58.3
58421,青阳,安徽,117.87,30.62,77.3
58423,九华山,安徽,117.78,30.48,647.3
58424,安庆,安徽,1.0,1.0,62.0
58426,黄山区,安徽,118.13,30.3,193.4
58427,池州,安徽,117.48,30.67,15.0
58428,石台,安徽,117.5,30.22,118.5
58429,铜陵,安徽,117.78,30.97,11.0
58431,南陵,安徽,118.32,30.92,39.0
58432,泾县,安徽,118.4,30.68,57.3
58433,宣城,安徽,118.75,30.93,31.2
58435,旌德,安徽,118.53,30.3,220.2
58436,宁国,安徽,118.98,30.62,87.3
58437,黄山风景区,安徽,118.15,30.13,1840.4
58438,绩溪,安徽,118.58,30.08,191.1
58441,广德,安徽,119.42,30.87,43.1
58442,郎溪,安徽,119.18,31.13,16.5
58443,长兴,浙江,119.9,31.02,25.0
58444,余杭,浙江,120.28,30.42,101.0
58446,安吉,浙江,119.68,30.63,72.2
58448,临安,浙江,119.7,30.22,117.6
58449,富阳,浙江,119.95,30.05,46.5
58450,湖州,浙江,120.05,30.87,7.4
58451,嘉善,浙江,120.93,30.83,2.6
58452,嘉兴,浙江,120.77,30.73,4.8
58453,柯桥,浙江,120.5,30.07,7.9
58454,德清,浙江,119.97,30.53,102.0
58455,海宁,浙江,120.65,30.52,5.3
58456,桐乡,浙江,120.52,30.63,6.0
58457,杭州,浙江,120.17,30.23,41.7
58458,海盐,浙江,120.9,30.53,4.8
58459,萧山,浙江,120.28,30.18,96.5
58460,金山,上海,121.27,30.82,5.2
58461,青浦,上海,121.12,31.13,4.0
58462,松江,上海,121.23,31.03,8.1
58463,奉贤,上海,121.5,30.88,4.6
58464,平湖,浙江,121.08,30.62,4.0
58467,慈溪,浙江,120.3,30.2,5.4
58468,余姚,浙江,121.17,30.05,38.0
58469,北磨盘山,浙江,121.92,30.33,31.0
58472,嵊泗,浙江,122.45,30.73,79.6
58474,小洋山,上海,122.05,30.63,54.4
58477,定海,浙江,122.1,30.03,35.7
58484,岱山,浙江,122.2,30.25,37.1
58500,阳新,湖北,115.2,29.85,57.0
58501,武穴,湖北,115.63,29.92,23.5
58502,九江,江西,116.0,29.73,74.8
58503,瑞昌,江西,115.67,29.7,41.2
58505,九江县,江西,115.9,29.62,63.1
58506,庐山,江西,115.98,29.58,1164.5
58507,武宁,江西,115.12,29.25,116.0
58508,德安,江西,115.77,29.33,41.3
58509,永修,江西,115.82,29.05,36.6
58510,湖口,江西,116.23,29.73,35.2
58512,彭泽,江西,116.55,29.9,99.1
58514,庐山市,江西,116.05,29.45,37.1
58517,都昌,江西,116.2,29.27,77.5
58519,鄱阳,江西,116.68,29.0,40.1
58520,祁门,安徽,117.72,29.85,142.0
58523,黟县,安徽,117.93,29.93,227.5
58524,浮梁,江西,117.22,29.37,87.3
58527,景德镇,江西,117.2,29.3,61.5
58529,婺源,江西,117.85,29.27,171.0
58530,歙县,安徽,118.43,29.87,168.7
58531,黄山市,安徽,118.28,29.72,142.7
58534,休宁,安徽,118.18,29.78,170.2
58537,开化,浙江,118.4,29.13,153.6
58542,桐庐,浙江,119.68,29.82,46.1
58543,淳安,浙江,119.02,29.62,171.4
58544,建德,浙江,119.27,29.48,88.9
58546,浦江,浙江,119.88,29.47,115.8
58547,龙游,浙江,119.18,29.03,66.2
58548,兰溪,浙江,119.47,29.22,50.2
58549,金华,浙江,119.65,29.12,62.6
58550,诸暨,浙江,120.25,29.7,39.1
58553,上虞,浙江,120.82,30.05,6.4
58555,新昌,浙江,120.88,29.52,115.1
58556,嵊州,浙江,120.82,29.6,104.3
58557,义乌,浙江,120.08,29.33,90.0
58558,东阳,浙江,120.22,29.27,89.9
58559,天台,浙江,120.98,29.17,107.6
58560,磐安,浙江,120.43,29.05,304.5
58561,镇海,浙江,121.6,29.98,4.0
58562,宁波,浙江,121.55,29.78,6.2
58563,北仑,浙江,121.83,29.88,5.0
58565,奉化,浙江,121.43,29.68,41.5
58566,象山,浙江,121.92,29.38,4.5
58567,宁海,浙江,121.43,29.32,39.3
58568,三门,浙江,121.38,29.12,34.5
58569,石浦,浙江,121.95,29.2,128.4
58570,普陀,浙江,122.3,29.95,85.2
58599,平湖油田,上海,124.91,29.07,44.5
58600,靖安,江西,115.37,28.87,78.9
58601,奉新,江西,115.38,28.7,80.4
58602,安义,江西,115.55,28.85,40.7
58604,共青城,江西,115.83,29.22,11.6
58605,高安,江西,115.38,28.42,46.8
58606,南昌,江西,115.92,28.6,47.2
58607,南昌县,江西,115.95,28.55,31.9
58608,樟树,江西,115.55,28.07,66.2
58609,丰城,江西,115.82,28.22,27.0
58612,余干,江西,116.68,28.7,21.1
58614,进贤,江西,116.27,28.38,67.2
58615,万年,江西,117.08,28.68,56.0
58616,余江,江西,116.82,28.2,47.1
58618,东乡,江西,116.6,28.23,82.4
58619,抚州,江西,116.37,28.0,73.7
58620,乐平,江西,117.13,28.97,51.2
58622,德兴,江西,117.58,28.95,88.5
58623,广信区,江西,117.9,28.47,121.3
58624,弋阳,江西,117.43,28.4,70.0
58625,横峰,江西,117.6,28.42,79.0
58626,贵溪,江西,117.22,28.3,60.8
58627,鹰潭,江西,117.03,28.25,55.8
58629,铅山,江西,117.7,28.32,100.3
58631,常山,浙江,118.5,28.9,137.0
58632,江山,浙江,118.6,28.72,126.3
58633,衢州,浙江,118.9,29.0,82.4
58634,玉山,江西,118.25,28.68,116.3
58635,广丰,江西,118.2,28.43,150.0
58637,上饶,江西,117.98,28.45,118.2
58642,武义,浙江,119.8,28.88,105.1
58643,永康,浙江,120.03,28.9,102.9
58644,遂昌,浙江,119.28,28.6,237.8
58645,松阳,浙江,119.48,28.43,152.2
58646,丽水,浙江,119.92,28.45,59.7
58647,龙泉,浙江,119.13,28.08,222.1
58648,景宁,浙江,119.63,28.0,246.8
58652,仙居,浙江,120.72,28.87,83.0
58654,缙云,浙江,120.08,28.67,184.7
58656,乐清,浙江,120.97,28.07,60.8
58657,青田,浙江,120.28,28.15,57.8
58658,永嘉,浙江,120.68,28.15,34.3
58659,温州,浙江,120.65,28.03,28.3
58660,临海,浙江,121.2,28.87,6.6
58664,温岭,浙江,121.37,28.37,35.3
58665,椒江,浙江,121.42,28.62,4.6
58666,大陈,浙江,121.9,28.45,86.2
58667,玉环,浙江,121.27,28.08,95.9
58693,新建,江西,115.83,28.7,40.0
58696,春晓油田,上海,125.01,28.51,43.0
58701,新干,江西,115.4,27.77,46.5
58704,峡江,江西,115.35,27.62,104.5
58705,永丰,江西,115.42,27.33,85.7
58706,乐安,江西,115.83,27.43,181.8
58707,吉水,江西,115.13,27.22,66.2
58710,崇仁,江西,116.05,27.77,78.6
58712,金溪,江西,116.78,27.92,130.2
58713,资溪,江西,117.07,27.72,225.1
58714,宜黄,江西,116.23,27.55,120.4
58715,南城,江西,116.65,27.58,80.8
58718,南丰,江西,116.53,27.22,111.5
58719,黎川,江西,116.93,27.3,131.1
58724,光泽,福建,117.3,27.52,268.2
58725,邵武,福建,117.47,27.33,218.0
58726,七仙山,福建,117.84,27.96,1400.0
58730,武夷山,福建,118.03,27.77,222.1
58731,浦城,福建,118.53,27.92,276.9
58734,建阳,福建,118.12,27.33,196.9
58735,松溪,福建,118.8,27.52,260.2
58736,政和,福建,118.82,27.37,262.4
58737,建瓯,福建,118.32,27.05,154.9
58742,云和,浙江,119.55,28.12,163.0
58744,寿宁,福建,119.42,27.45,815.9
58745,庆元,浙江,119.08,27.62,400.8
58746,泰顺,浙江,119.7,27.55,538.9
58747,周宁,福建,119.35,27.15,899.3
58748,福安,福建,119.65,27.1,50.5
58749,柘荣,福建,119.88,27.23,684.1
58750,文成,浙江,120.08,27.78,105.4
58751,平阳,浙江,120.55,27.68,254.0
58752,瑞安,浙江,120.65,27.78,37.6
58754,福鼎,福建,120.2,27.33,36.2
58755,苍南,浙江,120.39,27.5,118.7
58760,洞头,浙江,121.15,27.83,68.6
58804,兴国,江西,115.35,26.35,184.0
58806,宁都,江西,116.02,26.48,209.1
58813,广昌,江西,116.33,26.85,166.3
58814,石城,江西,116.35,26.35,280.2
58818,宁化,福建,116.63,26.23,358.9
58819,清流,福建,116.8,26.17,336.9
58820,泰宁,福建,117.17,26.9,342.9
58821,将乐,福建,117.47,26.73,173.9
58822,建宁,福建,116.85,26.83,342.3
58823,顺昌,福建,117.8,26.8,175.2
58824,明溪,福建,117.15,26.4,357.4
58826,沙县,福建,117.8,26.4,120.6
58828,三明,福建,117.62,26.27,208.2
58834,南平,福建,118.17,26.63,152.2
58836,古田,福建,118.73,26.58,361.5
58837,尤溪,福建,118.15,26.17,204.8
58839,闽清,福建,118.85,26.23,40.8
58843,霞浦,福建,120.02,26.88,56.8
58844,闽侯,福建,119.15,26.15,57.8
58845,罗源,福建,119.53,26.5,78.5
58846,宁德,福建,119.52,26.67,32.4
58847,福州,福建,119.28,26.08,84.0
58848,连江,福建,119.55,26.2,13.4
58850,三沙,福建,120.23,26.92,92.2
58903,瑞金,江西,116.03,25.9,210.0
58905,于都,江西,115.42,25.97,133.2
58906,会昌,江西,115.8,25.6,167.4
58907,安远,江西,115.4,25.15,305.0
58911,长汀,福建,116.37,25.85,310.0
58912,连城,福建,116.75,25.72,404.0
58917,武平,福建,116.1,25.08,307.0
58918,上杭,福建,116.42,25.05,198.0
58921,永安,福建,117.35,25.97,206.0
58923,大田,福建,117.83,25.7,400.1
58926,漳平,福建,117.42,25.3,205.3
58927,龙岩,福建,117.02,25.05,376.0
58928,华安,福建,117.53,25.02,166.5
58929,安溪,福建,118.15,25.07,130.6
58931,九仙山,福建,118.1,25.72,1653.5
58932,永泰,福建,118.93,25.87,85.6
58933,屏南,福建,118.98,26.92,869.5
58934,永春,福建,118.27,25.33,183.8
58935,德化,福建,118.23,25.48,645.6
58936,仙游,福建,118.7,25.37,77.7
58938,秀屿,福建,118.98,25.23,23.1
58940,福州郊区,福建,119.33,26.08,25.6
58941,长乐,福建,119.5,25.97,25.9
58942,福清,福建,119.38,25.72,75.0
58944,平潭,福建,119.78,25.52,32.4
58946,莆田,福建,119.0,25.45,81.1
58958,坑口,福建,119.47,25.25,33.0
59001,隆林,广西,105.33,24.78,672.2
59004,西林,广西,105.1,24.5,827.1
59007,广南,云南,105.07,24.07,1249.6
59012,乐业,广西,106.55,24.78,972.1
59015,凌云,广西,106.57,24.35,544.6
59017,田林,广西,106.27,24.27,278.2
59021,凤山,广西,107.03,24.55,509.4
59022,南丹,广西,107.55,24.98,749.5
59023,河池,广西,108.03,24.7,260.2
59025,东兰,广西,107.38,24.53,248.8
59027,巴马,广西,107.25,24.13,254.9
59031,环江,广西,108.25,24.83,342.3
59033,罗城,广西,108.9,24.78,363.0
59034,宜州,广西,108.67,24.48,185.1
59037,都安,广西,108.1,23.93,170.8
59038,忻城,广西,108.65,24.07,147.5
59041,柳城,广西,109.25,24.65,218.6
59044,沙塘,广西,109.38,24.47,97.5
59045,鹿寨,广西,109.78,24.5,131.5
59046,柳州,广西,109.47,24.37,306.0
59047,柳江,广西,109.28,24.23,133.7
59051,阳朔,广西,110.5,24.77,136.7
59052,恭城,广西,110.82,24.83,169.6
59053,平乐,广西,110.67,24.62,157.6
59055,荔浦,广西,110.4,24.5,165.7
59057,金秀,广西,110.18,24.13,830.9
59058,蒙山,广西,110.52,24.2,181.9
59059,昭平,广西,110.8,24.18,105.8
59061,富川,广西,111.27,24.82,193.1
59063,江华,湖南,111.45,25.18,265.7
59064,钟山,广西,111.32,24.55,168.0
59065,贺州,广西,111.53,24.42,148.7
59071,连南,广东,112.28,24.73,174.3
59072,连州,广东,112.37,24.8,131.7
59074,连山,广东,112.15,24.57,300.6
59075,阳山,广东,112.63,24.48,70.5
59081,乳源,广东,113.27,24.78,131.1
59082,韶关,广东,113.6,24.67,121.3
59087,佛冈,广东,113.52,23.88,97.2
59088,英德,广东,113.42,24.18,74.4
59090,始兴,广东,114.07,24.95,143.9
59091,全南,江西,114.53,24.75,277.1
59092,龙南,江西,114.82,24.92,250.2
59093,定南,江西,115.03,24.78,253.0
59094,翁源,广东,114.12,24.35,184.1
59096,连平,广东,114.48,24.37,283.9
59097,新丰,广东,114.2,24.05,199.3
59099,和平,广东,114.93,24.45,173.7
59102,寻乌,江西,115.65,24.95,303.9
59106,平远,广东,115.9,24.58,200.8
59107,龙川,广东,115.25,24.1,179.6
59109,兴宁,广东,115.73,24.15,123.6
59113,永定,福建,116.72,24.73,226.9
59114,蕉岭,广东,116.17,24.65,135.7
59116,大埔,广东,116.7,24.33,80.1
59117,梅县（梅州）,广东,116.1,24.27,116.0
59122,长泰,福建,117.75,24.62,43.0
59124,南靖,福建,117.37,24.52,53.7
59125,平和,福建,117.3,24.38,108.5
59126,漳州,福建,117.65,24.5,28.9
59127,龙海,福建,117.83,24.43,32.1
59129,漳浦,福建,117.6,24.13,61.1
59130,同安,福建,118.15,24.73,30.8
59131,南安,福建,118.37,24.97,172.8
59133,崇武,福建,118.92,24.9,21.8
59134,厦门,福建,118.07,24.48,139.4
59137,晋江,福建,118.57,24.82,135.0
59205,富宁,云南,105.63,23.65,685.8
59209,那坡,广西,105.83,23.42,855.8
59211,百色,广西,106.6,23.9,174.7
59213,田阳,广西,106.92,23.73,133.0
59215,德保,广西,106.62,23.33,680.0
59218,靖西,广西,106.45,23.1,724.7
59224,田东,广西,107.12,23.6,111.2
59227,天等,广西,107.15,23.08,454.2
59228,平果,广西,107.58,23.32,146.4
59229,隆安,广西,107.7,23.18,125.7
59230,马山,广西,108.17,23.72,219.0
59235,上林,广西,108.62,23.43,115.5
59237,武鸣,广西,108.28,23.17,155.3
59238,宾阳,广西,108.8,23.22,127.7
59241,象州,广西,109.7,23.98,124.3
59242,来宾,广西,109.17,23.73,96.7
59246,武宣,广西,109.67,23.6,70.0
59249,贵港,广西,109.57,23.05,57.1
59254,桂平,广西,110.08,23.4,130.3
59255,平南,广西,110.38,23.55,83.0
59256,藤县,广西,110.92,23.37,105.5
59264,封开,广东,111.5,23.4,83.6
59265,梧州,广西,111.3,23.48,114.8
59266,苍梧,广西,111.23,23.42,77.7
59268,郁南,广东,111.53,23.25,70.6
59269,德庆,广东,111.78,23.17,47.2
59270,怀集,广东,112.18,23.92,107.2
59271,广宁,广东,112.43,23.63,92.7
59276,四会,广东,112.65,23.35,40.1
59278,高要（肇庆）,广东,112.45,23.03,60.0
59279,三水,广东,112.87,23.18,24.0
59280,清远,广东,113.08,23.72,79.2
59284,花都,广东,113.23,23.42,38.9
59285,从化,广东,113.6,23.57,38.1
59287,广州,广东,113.48,23.22,70.7
59288,南海（佛山）,广东,113.13,23.05,30.1
59289,东莞,广东,113.73,22.97,56.0
59290,龙门,广东,114.23,23.73,85.5
59293,河源,广东,114.73,23.8,71.1
59294,增城,广东,113.83,23.33,30.7
59297,博罗,广东,114.28,23.18,50.2
59298,惠阳（惠州）,广东,114.42,23.08,108.5
59303,五华,广东,115.77,23.93,135.9
59304,紫金,广东,115.18,23.63,176.6
59306,揭西,广东,115.85,23.45,80.9
59310,丰顺,广东,116.18,23.77,45.3
59312,潮州,广东,116.63,23.67,60.7
59313,饶平,广东,116.98,23.68,44.7
59314,普宁,广东,116.13,23.3,28.6
59315,揭阳,广东,116.4,23.58,43.9
59316,汕头,广东,116.68,23.4,2.3
59317,惠来,广东,116.3,23.03,42.0
59318,潮阳,广东,116.58,23.27,6.7
59319,澄海,广东,116.83,23.43,4.1
59320,诏安,福建,117.13,23.77,37.8
59321,东山,福建,117.5,23.78,53.3
59322,云霄,福建,117.37,23.98,22.8
59324,南澳,广东,117.03,23.43,8.0
59417,龙州,广西,106.85,22.33,128.8
59419,凭祥,广西,106.75,22.1,348.7
59421,大新,广西,107.2,22.83,278.3
59425,崇左,广西,107.35,22.4,195.8
59426,扶绥,广西,107.9,22.63,146.1
59427,宁明,广西,107.07,22.12,168.4
59429,上思,广西,107.97,22.15,216.0
59431,南宁,广西,108.22,22.63,152.0
59432,南宁城区,广西,108.4,22.8,194.0
59435,邕宁,广西,108.45,22.68,106.9
59441,横县,广西,109.25,22.7,88.7
59446,灵山,广西,109.3,22.42,66.6
59448,浦北,广西,109.55,22.27,69.6
59449,博白,广西,109.98,22.3,85.9
59451,北流,广西,110.35,22.7,155.1
59452,容县,广西,110.53,22.85,131.5
59453,玉林,广西,110.17,22.65,121.6
59454,岑溪,广西,111.0,22.92,202.0
59456,信宜,广东,110.93,22.35,141.4
59457,陆川,广西,110.27,22.32,121.6
59462,罗定,广东,111.6,22.7,60.0
59469,阳春,广东,111.78,22.17,37.7
59470,新兴,广东,112.22,22.72,57.6
59471,云浮,广东,112.05,22.93,101.4
59473,鹤山,广东,112.97,22.77,47.3
59475,开平,广东,112.65,22.4,29.3
59476,新会（江门）,广东,113.03,22.53,36.3
59477,恩平,广东,112.3,22.18,69.3
59478,台山,广东,112.78,22.25,33.1
59480,顺德,广东,113.25,22.85,21.4
59481,番禺,广东,113.32,22.93,12.2
59485,中山,广东,113.4,22.5,33.7
59487,斗门,广东,113.3,22.23,23.1
59488,珠海,广东,113.57,22.28,51.4
59492,惠东,广东,114.73,22.97,85.0
59493,深圳,广东,114.0,22.53,63.0
59500,海丰,广东,115.32,22.97,45.6
59501,汕尾,广东,115.37,22.8,16.7
59502,陆丰,广东,115.65,22.95,32.0
59626,东兴,广西,107.97,21.53,56.8
59631,防城,广西,108.35,21.78,32.4
59632,钦州,广西,108.62,21.95,49.2
59635,防城港,广西,108.35,21.62,31.3
59640,合浦,广西,109.18,21.67,5.5
59644,北海,广西,109.13,21.45,12.8
59647,涠洲岛,广西,109.1,21.03,55.2
59650,遂溪,广东,110.25,21.4,29.7
59653,高州,广东,110.85,21.93,77.0
59654,廉江,广东,110.3,21.63,29.3
59655,化州,广东,110.62,21.65,31.9
59656,吴川,广东,110.82,21.4,27.3
59658,湛江,广东,110.3,21.15,53.4
59659,茂名,广东,110.92,21.75,33.5
59663,阳江,广东,111.97,21.83,90.3
59664,电白,广东,110.98,21.53,31.8
59668,青洲岛,广东,111.46,21.48,16.0
59673,上川岛,广东,112.77,21.73,21.9
59750,雷州,广东,110.07,20.97,33.6
59754,徐闻,广东,110.18,20.33,11.4
59755,新寮岛,广东,110.45,20.65,12.6
59757,琼山,海南,110.37,20.0,9.9
59758,海口,海南,110.25,20.0,63.5
59759,牛墩岛,广东,110.01,20.28,45.7
59838,东方,海南,108.62,19.1,7.6
59842,临高,海南,109.68,19.9,31.7
59843,澄迈,海南,110.0,19.73,31.4
59845,儋州,海南,109.58,19.52,169.0
59847,昌江,海南,109.05,19.27,98.1
59848,白沙,海南,109.43,19.23,215.6
59849,琼中,海南,109.83,19.03,250.9
59851,定安,海南,110.33,19.7,53.3
59852,翁田,海南,110.93,19.99,33.0
59854,屯昌,海南,110.1,19.37,118.3
59855,琼海,海南,110.48,19.22,23.3
59856,文昌,海南,110.75,19.62,21.7
59936,莺歌海盐场,海南,108.77,18.53,15.0
59940,乐东,海南,109.17,18.75,155.0
59941,五指山,海南,109.52,18.77,328.5
59945,保亭,海南,109.7,18.65,68.6
59948,三亚,海南,109.58,18.22,419.4
59951,万宁,海南,110.33,18.8,39.9
59954,陵水,海南,110.03,18.5,35.2
59981,西沙,海南,112.33,16.83,4.7
59985,珊瑚,海南,111.62,16.53,4.0
59997,南沙,海南,114.37,10.38,2.0
